title,url,date,Threat Actor
"Need a lot of data including ""mobile phone number"" + ""password"" in the Philippines, b",https://breachforums.st/Thread-BUYING-Need-a-lot-of-data-including-mobile-phone-number-password-in-the-Philippines-b,"12-06-2024, 09:58 PM", tiandao
Buying Insider Trading Secrets,https://breachforums.st/Thread-Buying-Insider-Trading-Secrets,"12-06-2024, 11:49 PM", marvelOUS
Looking for people to sim swap AT&T,https://breachforums.st/Thread-REQUEST-Looking-for-people-to-sim-swap-AT-T,"12-07-2024, 12:23 AM", herefortheoofs
"Buying FULL RaidForums Database - $10,000",https://breachforums.st/Thread-BUYING-Buying-FULL-RaidForums-Database-10-000,"12-07-2024, 12:26 AM", whiteroad
You're hacker ? I bet 500$ + tip,https://breachforums.st/Thread-You-re-hacker-I-bet-500-tip,"12-07-2024, 12:22 AM", l-8-l
⚡AUTODOXER | CHEAPEST PRICES⚡,https://breachforums.st/Thread-SELLING-%E2%9A%A1AUTODOXER-CHEAPEST-PRICES%E2%9A%A1,"12-07-2024, 03:52 AM", xanarchy
⚡PUBLIC.COM VM | CHEAPEST PRICES⚡,https://breachforums.st/Thread-SELLING-%E2%9A%A1PUBLIC-COM-VM-CHEAPEST-PRICES%E2%9A%A1,"12-07-2024, 03:55 AM", xanarchy
Looking for someone with untouched logs,https://breachforums.st/Thread-Looking-for-someone-with-untouched-logs,"12-06-2024, 10:57 PM", gfromdao
✨X2 SI-PNI BRAZIL DATA CONSULTATION LEAK✨,https://breachforums.st/Thread-%E2%9C%A8X2-SI-PNI-BRAZIL-DATA-CONSULTATION-LEAK%E2%9C%A8,"12-07-2024, 01:41 AM", teDools
9X⭐️VyperVpn❤️ PREMIUM ⭐️ ✔️ WORKING ✔️ HQ,https://breachforums.st/Thread-9X%E2%AD%90%EF%B8%8FVyperVpn%E2%9D%A4%EF%B8%8F-PREMIUM-%E2%AD%90%EF%B8%8F-%E2%9C%94%EF%B8%8F-WORKING-%E2%9C%94%EF%B8%8F-HQ,"12-07-2024, 03:52 AM", Interstellar
ellipal crypto hardware wallet,https://breachforums.st/Thread-REQUEST-ellipal-crypto-hardware-wallet,"12-06-2024, 08:32 PM", elixir
EPIC Metals LEAKED (2024),https://breachforums.st/Thread-COLLECTION-EPIC-Metals-LEAKED-2024,"12-06-2024, 08:21 PM", creek97
EPIC Metals LEAKED (2024),https://breachforums.st/Thread-COLLECTION-EPIC-Metals-LEAKED-2024--151877,"12-06-2024, 08:22 PM", creek97
Laroute.fr Free Leaked Emails Employees,https://breachforums.st/Thread-COLLECTION-Laroute-fr-Free-Leaked-Emails-Employees,"12-06-2024, 08:35 PM", creek97
bluesoft-group.com LEAKED Emails Employees,https://breachforums.st/Thread-COLLECTION-bluesoft-group-com-LEAKED-Emails-Employees,"12-06-2024, 08:42 PM", creek97
yemeksepeti.com Turkish Delivery App | 55.143 Restaurant owner data,https://breachforums.st/Thread-yemeksepeti-com-Turkish-Delivery-App-55-143-Restaurant-owner-data,"12-06-2024, 09:55 PM", tcpfuck
location of a person selling child sex on the dark web and surface web,https://breachforums.st/Thread-COLLECTION-location-of-a-person-selling-child-sex-on-the-dark-web-and-surface-web,"12-06-2024, 11:32 PM", Black_Devil
2xResidence Permit SPAIN,https://breachforums.st/Thread-DOCUMENTS-2xResidence-Permit-SPAIN,"12-07-2024, 12:19 AM", Hxp7
100k Email  +  Password   crypto.txt,https://breachforums.st/Thread-DATABASE-100k-Email%C2%A0-%C2%A0-Password%C2%A0-%C2%A0crypto-txt,"12-06-2024, 09:17 PM", soso_love
kayaskinclinic.com,https://breachforums.st/Thread-DATABASE-kayaskinclinic-com,"12-06-2024, 11:21 PM", whatisdb
uptoschoolworksheets.com,https://breachforums.st/Thread-DATABASE-uptoschoolworksheets-com--151903,"12-06-2024, 11:32 PM", whatisdb
drp.ntwo.moph.go.th,https://breachforums.st/Thread-drp-ntwo-moph-go-th,"12-07-2024, 01:48 AM", whatisdb
hoyoverse / hoyolab + imap access,https://breachforums.st/Thread-REQUEST-hoyoverse-hoyolab-imap-access,12-06-2024, Serbushokk
We need real-time shopping data from Japan.,https://breachforums.st/Thread-We-need-real-time-shopping-data-from-Japan,"12-06-2024, 07:27 AM", sbfnvtkd888
Need a large amount of real-time shopping data from Japan,https://breachforums.st/Thread-Need-a-large-amount-of-real-time-shopping-data-from-Japan,"12-06-2024, 07:59 AM", sbfnvtkd888
need jp fresh phone:pass data @pe4453cqy505,https://breachforums.st/Thread-need-jp-fresh-phone-pass-data-pe4453cqy505--151780,"12-06-2024, 10:10 AM", ttaker
Need SMS Spam,https://breachforums.st/Thread-Need-SMS-Spam--151799,"12-06-2024, 11:50 AM", taken
Looking for a penetration testing expert to work with? As long as you are strong enou,https://breachforums.st/Thread-Looking-for-a-penetration-testing-expert-to-work-with-As-long-as-you-are-strong-enou--151807,"12-06-2024, 01:18 PM", XXX08
"Long-term data buyers, Please check,",https://breachforums.st/Thread-TRADING-Long-term-data-buyers-Please-check--151829,"12-06-2024, 03:29 PM", music
Dump OF LicenseBuenosAires,https://breachforums.st/Thread-SELLING-Dump-OF-LicenseBuenosAires,12-06-2024, DomPerignon
American Bank Site - RCE Exploit,https://breachforums.st/Thread-SELLING-American-Bank-Site-RCE-Exploit,"12-06-2024, 11:16 AM", adjective
The Cheapest TLO/lookups bot on telegram,https://breachforums.st/Thread-The-Cheapest-TLO-lookups-bot-on-telegram,"12-06-2024, 02:22 PM", onanist
1500+ Servers of a $2B+ Malaysian Telecommunications -$60K - Serious Inquiries Only,https://breachforums.st/Thread-SELLING-1500-Servers-of-a-2B-Malaysian-Telecommunications-60K-Serious-Inquiries-Only,"12-06-2024, 05:18 PM", Br34cHM45t3r
Root access to over 200+ indonesian administrative government desa.id,https://breachforums.st/Thread-SELLING-Root-access-to-over-200-indonesian-administrative-government-desa-id,"12-06-2024, 05:31 PM", antigov
KYC SERVICES,https://breachforums.st/Thread-KYC-SERVICES--151534,12-05-2024, hardshiver
? FIND ANY WEBSITE LOGIN YOU NEED IN SECONDS !! ?,https://breachforums.st/Thread-FIND-ANY-WEBSITE-LOGIN-YOU-NEED-IN-SECONDS,12-05-2024, MaitreSearch
The Cheapest TLO bot on telegram,https://breachforums.st/Thread-The-Cheapest-TLO-bot-on-telegram,"12-06-2024, 01:56 PM", onanist
Make Daily money 15$ - 500$ Easy,https://breachforums.st/Thread-Make-Daily-money-15-500-Easy,"12-06-2024, 04:23 PM", l-8-l
Chatgpt-Plus_cookie,https://breachforums.st/Thread-Chatgpt-Plus-cookie,12-06-2024, Unknown_Boy
x1000 SHODAN FREE MEMBERSHIP ACCOUNTS & API KEYS HITS,https://breachforums.st/Thread-x1000-SHODAN-FREE-MEMBERSHIP-ACCOUNTS-API-KEYS-HITS,"12-06-2024, 11:58 AM", gwap
(Ad-Free) TV Live + Supreme Hulu Streaming: Unlimited,https://breachforums.st/Thread-Ad-Free-TV-Live-Supreme-Hulu-Streaming-Unlimited--151826,"12-06-2024, 03:23 PM", sistonka69
Yahoo Mail Access x1000 HOT !,https://breachforums.st/Thread-Yahoo-Mail-Access-x1000-HOT--151828,"12-06-2024, 03:25 PM", sistonka69
"x50 Deezer Premium Entries, Unlimited Music Streaming",https://breachforums.st/Thread-x50-Deezer-Premium-Entries-Unlimited-Music-Streaming,"12-06-2024, 03:31 PM", sistonka69
X1- DEARMOB IPHONE MANAGER KEY WINDOWS,https://breachforums.st/Thread-X1-DEARMOB-IPHONE-MANAGER-KEY-WINDOWS,"12-06-2024, 03:40 PM", collective13
x40 NordVPN Account Freshly Checked !,https://breachforums.st/Thread-x40-NordVPN-Account-Freshly-Checked,"12-06-2024, 03:41 PM", sistonka69
"x30 HBO Max VIP Access Entries, Exclusive Content",https://breachforums.st/Thread-x30-HBO-Max-VIP-Access-Entries-Exclusive-Content,"12-06-2024, 03:51 PM", sistonka69
x260 Google Drive Access 2024,https://breachforums.st/Thread-x260-Google-Drive-Access-2024,"12-06-2024, 04:01 PM", sistonka69
"x25 Minecraft Master Entries, Full Access",https://breachforums.st/Thread-x25-Minecraft-Master-Entries-Full-Access,"12-06-2024, 04:11 PM", sistonka69
"x20 Spotify Account Entries, Premium 2024 !",https://breachforums.st/Thread-x20-Spotify-Account-Entries-Premium-2024,"12-06-2024, 04:21 PM", sistonka69
"x132 Canva Pro Account, Premium Design Suite 2024",https://breachforums.st/Thread-x132-Canva-Pro-Account-Premium-Design-Suite-2024,"12-06-2024, 04:32 PM", sistonka69
SWISSCOM BREACH,https://breachforums.st/Thread-REQUEST-SWISSCOM-BREACH,"12-06-2024, 08:35 AM", Anders0n
Got spanish databases but don't know the usage,https://breachforums.st/Thread-Got-spanish-databases-but-don-t-know-the-usage,"12-06-2024, 10:53 AM", W1ndStre4m
Request Database Probe42 - https://probe42.in/,https://breachforums.st/Thread-REQUEST-Request-Database-Probe42-https-probe42-in,"12-06-2024, 04:40 PM", zamasu
akila3d.com small collection of employee data,https://breachforums.st/Thread-akila3d-com-small-collection-of-employee-data,"12-06-2024, 08:41 AM", miyako
+1 million Arabic emails [العرب],https://breachforums.st/Thread-COLLECTION-1-million-Arabic-emails-%D8%A7%D9%84%D8%B9%D8%B1%D8%A8,"12-06-2024, 01:28 PM", bxxxx1
Cogito Software Solutions Leak (India) FRESH,https://breachforums.st/Thread-DOCUMENTS-Cogito-Software-Solutions-Leak-India-FRESH,"12-06-2024, 03:04 PM", BreadPirateLoler
GUS MIFTAH LEAKS DATA,https://breachforums.st/Thread-GUS-MIFTAH-LEAKS-DATA,"12-06-2024, 04:47 PM", NAVINN24
Lebanon Election 2018-2022,https://breachforums.st/Thread-DATABASE-Lebanon-Election-2018-2022,12-06-2024, Orbith
lazzhotel.com.tr Turkish 4-Star Hotel Leak,https://breachforums.st/Thread-lazzhotel-com-tr-Turkish-4-Star-Hotel-Leak,12-06-2024, miyako
kingvcn.com Database Leak,https://breachforums.st/Thread-kingvcn-com-Database-Leak,"12-06-2024, 07:52 AM", miyako
"SalonBiz Database - Leaked, Download!",https://breachforums.st/Thread-DATABASE-SalonBiz-Database-Leaked-Download,"12-06-2024, 10:20 AM",888
anexbaby.com leak,https://breachforums.st/Thread-anexbaby-com-leak,"12-06-2024, 10:52 AM", miyako
Data Breach at Haifa Municipality,https://breachforums.st/Thread-DATABASE-Data-Breach-at-Haifa-Municipality,"12-06-2024, 04:02 PM", Counter
VENEZUELA DATABASES 202,https://breachforums.st/Thread-DATABASE-VENEZUELA-DATABASES-202,"12-06-2024, 04:44 PM", rootkik
[REQUEST]  Truecaller database leak 2023,https://breachforums.st/Thread-REQUEST-%C2%A0-Truecaller-database-leak-2023,"12-06-2024, 05:30 PM", niguy212
zunal.com / Interactive WebQuests Platform / 500k / 2019 [DataViper],https://breachforums.st/Thread-DATABASE-zunal-com-Interactive-WebQuests-Platform-500k-2019-DataViper,"12-06-2024, 06:18 PM", Blastoise
Need Linkedin leads,https://breachforums.st/Thread-Need-Linkedin-leads,"12-04-2024, 07:07 PM", luckytony
Looking for US based sportsbooks contact lists,https://breachforums.st/Thread-Looking-for-US-based-sportsbooks-contact-lists,"12-04-2024, 09:21 PM", Nightglasses
Streamfab Account,https://breachforums.st/Thread-BUYING-Streamfab-Account,"12-04-2024, 09:50 PM", xxthisiscoolxx
need kyc verification accounts bank,https://breachforums.st/Thread-need-kyc-verification-accounts-bank,"12-04-2024, 11:00 PM", biggiesmalls
BUYING OLD SENDGRID APIS,https://breachforums.st/Thread-BUYING-OLD-SENDGRID-APIS,"12-04-2024, 11:55 PM", kamehameha
need jp fresh phone:pass data,https://breachforums.st/Thread-BUYING-need-jp-fresh-phone-pass-data,12-05-2024, ttaker
Recruiting penetration technicians,https://breachforums.st/Thread-Recruiting-penetration-technicians,12-05-2024, fafafa88
Very frequent 4 requests in Logs / ULP,https://breachforums.st/Thread-BUYING-Very-frequent-4-requests-in-Logs-ULP,12-05-2024, Serbushokk
ISTANT Paypal account,https://breachforums.st/Thread-BUYING-ISTANT-Paypal-account,12-05-2024, Jinksy
Ищем работников банков Казахстана / Looking for employees of banks in Kazakhstan,https://breachforums.st/Thread-%D0%98%D1%89%D0%B5%D0%BC-%D1%80%D0%B0%D0%B1%D0%BE%D1%82%D0%BD%D0%B8%D0%BA%D0%BE%D0%B2-%D0%B1%D0%B0%D0%BD%D0%BA%D0%BE%D0%B2-%D0%9A%D0%B0%D0%B7%D0%B0%D1%85%D1%81%D1%82%D0%B0%D0%BD%D0%B0-Looking-for-employees-of-banks-in-Kazakhstan,12-05-2024, orbaegor
Need real-time loan data from South Korea,https://breachforums.st/Thread-Need-real-time-loan-data-from-South-Korea--151604,12-05-2024, sbfnvtkd888
Social Media Ban,https://breachforums.st/Thread-Social-Media-Ban,12-05-2024, Kinglui2
RAT,https://breachforums.st/Thread-BUYING-RAT,12-05-2024, drilonzaki
HIRING FRAGMENT.COM KYC VERIFIERS,https://breachforums.st/Thread-HIRING-FRAGMENT-COM-KYC-VERIFIERS,12-05-2024, osaker
Want to Buy Spanish datas with IBAN,https://breachforums.st/Thread-BUYING-Want-to-Buy-Spanish-datas-with-IBAN,"12-05-2024, 04:23 PM", paisano
Recruitment of website penetration and database intrusion personnel (5000USD),https://breachforums.st/Thread-BUYING-Recruitment-of-website-penetration-and-database-intrusion-personnel-5000USD,"12-05-2024, 05:12 PM", shaking
i want to buy FULLZ UK / PHOTO DRIVER LICENSE,https://breachforums.st/Thread-i-want-to-buy-FULLZ-UK-PHOTO-DRIVER-LICENSE,"12-05-2024, 06:27 PM", biggiesmalls
need someone with a private stealer,https://breachforums.st/Thread-need-someone-with-a-private-stealer,"12-05-2024, 06:28 PM", ursuursu1752
need jp fresh phone:pass data @pe4453cqy505,https://breachforums.st/Thread-need-jp-fresh-phone-pass-data-pe4453cqy505,"12-05-2024, 07:13 PM", ttaker
"I need Japan email data, not a combination",https://breachforums.st/Thread-I-need-Japan-email-data-not-a-combination,"12-05-2024, 07:19 PM", gary778
looking for muah.ai db / ai chatting dbs / normal messaiging dbs,https://breachforums.st/Thread-looking-for-muah-ai-db-ai-chatting-dbs-normal-messaiging-dbs,"12-05-2024, 09:23 PM", datainterest1111
Genshin / HSR / ZZZ - autochange mail,https://breachforums.st/Thread-BUYING-Genshin-HSR-ZZZ-autochange-mail,"12-05-2024, 09:33 PM", Serbushokk
Spanish ID (DNI),https://breachforums.st/Thread-BUYING-Spanish-ID-DNI,"12-05-2024, 10:20 PM", einzof
Computer Hacking Forensics Investigator (CHFI) Version 11,https://breachforums.st/Thread-Computer-Hacking-Forensics-Investigator-CHFI-Version-11,"12-06-2024, 12:44 AM", PabloPicusso
Need real-time loan data from South Korea,https://breachforums.st/Thread-Need-real-time-loan-data-from-South-Korea--151734,"12-06-2024, 02:32 AM", sbfnvtkd888
China Shopping Orders Database,https://breachforums.st/Thread-TRADING-China-Shopping-Orders-Database,"12-06-2024, 02:43 AM", Breachdatabase
China E-commerce Database - Shop database,https://breachforums.st/Thread-DATABASE-China-E-commerce-Database-Shop-database,"12-03-2024, 10:40 PM",303
Mexico 151K Students (Examen Simulador IPN),https://breachforums.st/Thread-SELLING-Mexico-151K-Students-Examen-Simulador-IPN,"12-04-2024, 12:46 AM", louhunter
uTox RCE 0day,https://breachforums.st/Thread-SOURCE-CODE-uTox-RCE-0day,"12-04-2024, 04:04 AM", UnicornLover67
www.nivabupa.com Indian health insurance 5 million records (including claims data),https://breachforums.st/Thread-SELLING-www-nivabupa-com-Indian-health-insurance-5-million-records-including-claims-data,"12-04-2024, 08:11 AM",19450815
ICICI BANK USERS DATABASE,https://breachforums.st/Thread-SELLING-ICICI-BANK-USERS-DATABASE,"12-04-2024, 03:34 PM", checktosee
Iberaexpress [AIRLINE CONFIG] [HQ] [$50],https://breachforums.st/Thread-SELLING-Iberaexpress-AIRLINE-CONFIG-HQ-50,"12-04-2024, 10:49 PM", OpenBullet
"KYC Data Package – 230K+ Verified Records, Limited Offer!",https://breachforums.st/Thread-SELLING-KYC-Data-Package-%E2%80%93-230K-Verified-Records-Limited-Offer--151491,"12-04-2024, 11:00 PM", zurfex
VERIZON.COM NUMBER CHECKER,https://breachforums.st/Thread-SELLING-VERIZON-COM-NUMBER-CHECKER,12-05-2024, OpenBullet
KYC SERVICES,https://breachforums.st/Thread-SELLING-KYC-SERVICES,12-05-2024, hardshiver
France 216.000: |Name|Phone|Adress (no duplicates) aurlane.com,https://breachforums.st/Thread-SELLING-France-216-000-Name-Phone-Adress-no-duplicates-aurlane-com,12-05-2024, Arikos
France 838.000: |Name|Mail (no duplicates) groupeficade.fr,https://breachforums.st/Thread-SELLING-France-838-000-Name-Mail-no-duplicates-groupeficade-fr,12-05-2024, Arikos
"Super Administrator Access to SAP of a Large Bank in Israel -$30,000 (Escrow Only)",https://breachforums.st/Thread-SELLING-Super-Administrator-Access-to-SAP-of-a-Large-Bank-in-Israel-30-000-Escrow-Only,"12-05-2024, 04:51 PM", Br34cHM45t3r
"FRESH EXCLUSIVE VM Checkers, Binance, upbit, cex io, AOL, mail.com",https://breachforums.st/Thread-SELLING-FRESH-EXCLUSIVE-VM-Checkers-Binance-upbit-cex-io-AOL-mail-com,"12-05-2024, 05:36 PM", helldice
Thailand 106.650:|Name|Mail|User_login|User_pass (no duplicates) deepscope.com,https://breachforums.st/Thread-SELLING-Thailand-106-650-Name-Mail-User-login-User-pass-no-duplicates-deepscope-com,"12-05-2024, 05:48 PM", Arikos
SWIFT P1 (PRESS 1 BOT) | PRE + CUSTOM SCRIPTS | 99% UPTIME,https://breachforums.st/Thread-SELLING-SWIFT-P1-PRESS-1-BOT-PRE-CUSTOM-SCRIPTS-99-UPTIME,"12-05-2024, 06:20 PM", engineer
⭐ JETMAIL SPOOFER | 100% INBOX RATE & 99% UPTIME ⭐,https://breachforums.st/Thread-SELLING-%E2%AD%90-JETMAIL-SPOOFER-100-INBOX-RATE-99-UPTIME-%E2%AD%90,"12-05-2024, 06:22 PM", engineer
SHODAN ACCOUNTS WITH QUERIES,https://breachforums.st/Thread-SELLING-SHODAN-ACCOUNTS-WITH-QUERIES,"12-05-2024, 09:40 PM", gwap
"cheap mix of govmails (ministry of security, police, etc)",https://breachforums.st/Thread-SELLING-cheap-mix-of-govmails-ministry-of-security-police-etc,"12-05-2024, 11:00 PM", dk0m
Available mail .com checker & inbox searcher,https://breachforums.st/Thread-Available-mail-com-checker-inbox-searcher,"12-05-2024, 11:28 PM", helldice
x9 Netflix Premium Accounts Fresh Hit with Full Capture,https://breachforums.st/Thread-x9-Netflix-Premium-Accounts-Fresh-Hit-with-Full-Capture,12-05-2024, VRX
14 Surfshark VPN Premium Accounts,https://breachforums.st/Thread-14-Surfshark-VPN-Premium-Accounts,12-05-2024, el_capitan
10 EXPRESS VPN Premium Accounts,https://breachforums.st/Thread-10-EXPRESS-VPN-Premium-Accounts,12-05-2024, el_capitan
150 TikTok Accounts,https://breachforums.st/Thread-150-TikTok-Accounts,12-05-2024, el_capitan
300 Mega.nz Premium Working Accounts,https://breachforums.st/Thread-300-Mega-nz-Premium-Working-Accounts,"12-05-2024, 03:59 PM", el_capitan
92 Valid SMTP,https://breachforums.st/Thread-92-Valid-SMTP,"12-05-2024, 06:08 PM", m0rpheus
Need the leaked data of angelone.in in 2023 [FOUND],https://breachforums.st/Thread-REQUEST-Need-the-leaked-data-of-angelone-in-in-2023-FOUND,12-05-2024, coolworker378
BolognaFC leaks,https://breachforums.st/Thread-BolognaFC-leaks,12-05-2024, ihoohioi
"Database Fr Boulanger France Connect , carrefour ...",https://breachforums.st/Thread-Database-Fr-Boulanger-France-Connect-carrefour,12-05-2024, TCHETCHEN777
About zunal web.,https://breachforums.st/Thread-About-zunal-web,"12-05-2024, 04:23 PM", boar
Palantir AIP or Titan,https://breachforums.st/Thread-Palantir-AIP-or-Titan,"12-05-2024, 04:26 PM", seven13
Request for Forex Leads 2023/24,https://breachforums.st/Thread-REQUEST-Request-for-Forex-Leads-2023-24,"12-05-2024, 10:34 PM", AKM023
Philippines Dataleaks,https://breachforums.st/Thread-REQUEST-Philippines-Dataleaks,"12-06-2024, 02:14 AM", mchlrss
Looking for Krunker.io FRVR Database,https://breachforums.st/Thread-Looking-for-Krunker-io-FRVR-Database--151738,"12-06-2024, 03:56 AM", ClassisFS
LPTCO Driver and Vehicle Records Exposed,https://breachforums.st/Thread-DOCUMENTS-LPTCO-Driver-and-Vehicle-Records-Exposed,12-05-2024, Counter
chambershealth.org | industry hospitals & clinics 1.52TB docs 2024 leak,https://breachforums.st/Thread-DOCUMENTS-chambershealth-org-industry-hospitals-clinics-1-52TB-docs-2024-leak,12-05-2024, mapateam
100K Sites Vulnerable to CVE-2023-6553,https://breachforums.st/Thread-COLLECTION-100K-Sites-Vulnerable-to-CVE-2023-6553,12-05-2024, Br34cHM45t3r
6000 High-Quality Leads from Cyber For You College Israel,https://breachforums.st/Thread-6000-High-Quality-Leads-from-Cyber-For-You-College-Israel,12-05-2024, Br34cHM45t3r
VozoHealth EHR Database <Comprehensive Leak>,https://breachforums.st/Thread-VozoHealth-EHR-Database-Comprehensive-Leak,12-05-2024, Br34cHM45t3r
[VOLUME-3] POLICE DEPARTMENT LEAKS,https://breachforums.st/Thread-DOCUMENTS-VOLUME-3-POLICE-DEPARTMENT-LEAKS,"12-05-2024, 09:49 PM", Jinksy
US Military Technical Data Breach,https://breachforums.st/Thread-US-Military-Technical-Data-Breach,"12-06-2024, 01:31 AM", acer0001
"Data Leak , El Hospital San Rafael de Tunja gov co",https://breachforums.st/Thread-Data-Leak-El-Hospital-San-Rafael-de-Tunja-gov-co,"12-04-2024, 07:37 PM", CtrlAltDelete
Emergency Aid Database from Brazil,https://breachforums.st/Thread-DATABASE-Emergency-Aid-Database-from-Brazil,"12-04-2024, 08:10 PM", ElSpockk
"hr.pokerpro.cc Database - Leaked, Download!",https://breachforums.st/Thread-hr-pokerpro-cc-Database-Leaked-Download,"12-04-2024, 09:12 PM", G0LD
lixil.com,https://breachforums.st/Thread-DATABASE-lixil-com,12-05-2024, metadata
american.edu DataRows 3.594 Emails 104 SSN 3.516,https://breachforums.st/Thread-DATABASE-american-edu-DataRows-3-594-Emails-104-SSN-3-516,12-05-2024, Nam3L3ss
"archgroup.com DataRows 6,916 Emails 2,831 SSN 6,808",https://breachforums.st/Thread-DATABASE-archgroup-com-DataRows-6-916-Emails-2-831-SSN-6-808,12-05-2024, Nam3L3ss
"bankofmarin.com DataRows 3,594 Emails 104 SSN 3,516",https://breachforums.st/Thread-DATABASE-bankofmarin-com-DataRows-3-594-Emails-104-SSN-3-516,12-05-2024, Nam3L3ss
"basdschools.org DataRows 4,291 Emails 1,167 SSN 2,374",https://breachforums.st/Thread-DATABASE-basdschools-org-DataRows-4-291-Emails-1-167-SSN-2-374,12-05-2024, Nam3L3ss
bassettusd.org DataRows 477 Emails 148 SSN 442,https://breachforums.st/Thread-DATABASE-bassettusd-org-DataRows-477-Emails-148-SSN-442,12-05-2024, Nam3L3ss
"bethlehemschools.org DataRows 1,183 Emails 52 SSN 921",https://breachforums.st/Thread-DATABASE-bethlehemschools-org-DataRows-1-183-Emails-52-SSN-921,12-05-2024, Nam3L3ss
bishopschools.org DataRows 137 Emails 7 SSN 124,https://breachforums.st/Thread-DATABASE-bishopschools-org-DataRows-137-Emails-7-SSN-124,12-05-2024, Nam3L3ss
"blueapron.com DataRows 1,188 Emails 1,066 SSN 684",https://breachforums.st/Thread-DATABASE-blueapron-com-DataRows-1-188-Emails-1-066-SSN-684,12-05-2024, Nam3L3ss
"calcpa.org DataRows 1,840 Emails 59 SSN 1,838",https://breachforums.st/Thread-DATABASE-calcpa-org-DataRows-1-840-Emails-59-SSN-1-838,12-05-2024, Nam3L3ss
"ccps.org DataRows 4,623 Emails 2,181 SSN 4,606",https://breachforums.st/Thread-DATABASE-ccps-org-DataRows-4-623-Emails-2-181-SSN-4-606,12-05-2024, Nam3L3ss
chesapeake.edu DataRows 351 Emails 176 SSN 351,https://breachforums.st/Thread-DATABASE-chesapeake-edu-DataRows-351-Emails-176-SSN-351,12-05-2024, Nam3L3ss
cityofchino.org DataRows 695 Emails 51 SSN 564,https://breachforums.st/Thread-DATABASE-cityofchino-org-DataRows-695-Emails-51-SSN-564,12-05-2024, Nam3L3ss
"cityoflancasterpa.gov DataRows 1,484 Emails 30 SSN 1,222",https://breachforums.st/Thread-DATABASE-cityoflancasterpa-gov-DataRows-1-484-Emails-30-SSN-1-222,12-05-2024, Nam3L3ss
"cityofventura.ca.gov DataRows 1,403 Emails 386 SSN 1,376",https://breachforums.st/Thread-DATABASE-cityofventura-ca-gov-DataRows-1-403-Emails-386-SSN-1-376,12-05-2024, Nam3L3ss
"cocacola.com DataRows 16,494 Emails 7,871 SSN 16,296",https://breachforums.st/Thread-DATABASE-cocacola-com-DataRows-16-494-Emails-7-871-SSN-16-296,12-05-2024, Nam3L3ss
"corelogic.com DataRows 5,797 Emails 2,747 SSN 5,756",https://breachforums.st/Thread-DATABASE-corelogic-com-DataRows-5-797-Emails-2-747-SSN-5-756,12-05-2024, Nam3L3ss
"dentsu.com DataRows 12,554 Emails 3,554 SSN 12,419 EmailDomains 115",https://breachforums.st/Thread-DATABASE-dentsu-com-DataRows-12-554-Emails-3-554-SSN-12-419-EmailDomains-115,12-05-2024, Nam3L3ss
"dixiegroup.com DataRows 1,574 Emails 371 SSN 1,567",https://breachforums.st/Thread-DATABASE-dixiegroup-com-DataRows-1-574-Emails-371-SSN-1-567,12-05-2024, Nam3L3ss
"etsy.com DataRows 3,600 Emails 1,915 SSN 3,535",https://breachforums.st/Thread-DATABASE-etsy-com-DataRows-3-600-Emails-1-915-SSN-3-535,12-05-2024, Nam3L3ss
"exxonmobil.com DataRows 2,428 Emails 776 SSN 2,322",https://breachforums.st/Thread-DATABASE-exxonmobil-com-DataRows-2-428-Emails-776-SSN-2-322,12-05-2024, Nam3L3ss
"garrettcounty.org DataRows 2,542 Emails 139 SSN 2,083",https://breachforums.st/Thread-DATABASE-garrettcounty-org-DataRows-2-542-Emails-139-SSN-2-083,12-05-2024, Nam3L3ss
"gentexcorp.com DataRows 1,151 Emails 22 SSN 1,135",https://breachforums.st/Thread-DATABASE-gentexcorp-com-DataRows-1-151-Emails-22-SSN-1-135,12-05-2024, Nam3L3ss
hgcity.org DataRows 151 Emails 8 SSN 118,https://breachforums.st/Thread-DATABASE-hgcity-org-DataRows-151-Emails-8-SSN-118,12-05-2024, Nam3L3ss
iapws.com DataRows 768 Emails 364 SSN 752,https://breachforums.st/Thread-DATABASE-iapws-com-DataRows-768-Emails-364-SSN-752,12-05-2024, Nam3L3ss
"jamestownny.gov DataRows 1,201 Emails 7 SSN 960",https://breachforums.st/Thread-DATABASE-jamestownny-gov-DataRows-1-201-Emails-7-SSN-960,12-05-2024, Nam3L3ss
merlenorman.com DataRows 296 Emails 92 SSN 293,https://breachforums.st/Thread-DATABASE-merlenorman-com-DataRows-296-Emails-92-SSN-293,12-05-2024, Nam3L3ss
"miamidade.gov DataRows 61,779 Emails 1,183 SSN 32,308",https://breachforums.st/Thread-DATABASE-miamidade-gov-DataRows-61-779-Emails-1-183-SSN-32-308,12-05-2024, Nam3L3ss
"moneygram.com DataRows 1,806 Emails 814 SSN 4,606",https://breachforums.st/Thread-DATABASE-moneygram-com-DataRows-1-806-Emails-814-SSN-4-606,12-05-2024, Nam3L3ss
"niagarafallsusa.com DataRows 1,844 Emails 16 SSN 1,141",https://breachforums.st/Thread-DATABASE-niagarafallsusa-com-DataRows-1-844-Emails-16-SSN-1-141,12-05-2024, Nam3L3ss
"ocso.com DataRows 1,296 Emails 31 SSN 1,275 *** Orange County Sheriffs Office FL ***",https://breachforums.st/Thread-DATABASE-ocso-com-DataRows-1-296-Emails-31-SSN-1-275-Orange-County-Sheriffs-Office-FL,12-05-2024, Nam3L3ss
"oxnard.gov DataRows 2,202 Emails 76 SSN 2,110",https://breachforums.st/Thread-DATABASE-oxnard-gov-DataRows-2-202-Emails-76-SSN-2-110,12-05-2024, Nam3L3ss
"parpacific.com DataRows 1,095 Emails 225 SSN 1,086",https://breachforums.st/Thread-DATABASE-parpacific-com-DataRows-1-095-Emails-225-SSN-1-086,12-05-2024, Nam3L3ss
"paypal.com DataRows 25,117 Emails 1,004 SSN 23,988",https://breachforums.st/Thread-DATABASE-paypal-com-DataRows-25-117-Emails-1-004-SSN-23-988,12-05-2024, Nam3L3ss
altuslab.com Leak | Download,https://breachforums.st/Thread-DATABASE-altuslab-com-Leak-Download,12-05-2024, el_farado
edizionidottrinari.it leak | Download,https://breachforums.st/Thread-DATABASE-edizionidottrinari-it-leak-Download,12-05-2024, el_farado
"safran-group.com DataRows 13,673 Emails 1,110 SSN 13,027",https://breachforums.st/Thread-DATABASE-safran-group-com-DataRows-13-673-Emails-1-110-SSN-13-027,12-05-2024, Nam3L3ss
"sbasite.com DataRows 2,069 Emails 1,005 SSN 2,067",https://breachforums.st/Thread-DATABASE-sbasite-com-DataRows-2-069-Emails-1-005-SSN-2-067,12-05-2024, Nam3L3ss
"scrantonpa.gov DataRows 1,898 Emails 20 SSN 1,844",https://breachforums.st/Thread-DATABASE-scrantonpa-gov-DataRows-1-898-Emails-20-SSN-1-844,12-05-2024, Nam3L3ss
"superiorenergy.com DataRows 2,020 Emails 494 SSN 1,981",https://breachforums.st/Thread-DATABASE-superiorenergy-com-DataRows-2-020-Emails-494-SSN-1-981,12-05-2024, Nam3L3ss
"troyny.gov DataRows 1,603 Emails 56 SSN 1,538",https://breachforums.st/Thread-DATABASE-troyny-gov-DataRows-1-603-Emails-56-SSN-1-538,12-05-2024, Nam3L3ss
"ussugar.com DataRows 2,988 Emails 1,024 SSN 2,940",https://breachforums.st/Thread-DATABASE-ussugar-com-DataRows-2-988-Emails-1-024-SSN-2-940,12-05-2024, Nam3L3ss
"deltadental.com MD Providers DataRows 5,923 TaxID 1,696 SSN 2,494",https://breachforums.st/Thread-DATABASE-deltadental-com-MD-Providers-DataRows-5-923-TaxID-1-696-SSN-2-494,12-05-2024, Nam3L3ss
"deltadental.com onsitepro DataRows 802,367  TaxID 77,959",https://breachforums.st/Thread-DATABASE-deltadental-com-onsitepro-DataRows-802-367%C2%A0-TaxID-77-959,12-05-2024, Nam3L3ss
"Tribelsky Leak Database - Leaked, Download!",https://breachforums.st/Thread-DATABASE-Tribelsky-Leak-Database-Leaked-Download,12-05-2024, Rey
maxwellscottbags.com (Luxury Leather Bags Store),https://breachforums.st/Thread-DATABASE-maxwellscottbags-com-Luxury-Leather-Bags-Store,"12-05-2024, 05:00 PM", anonmoose
Indian 2024 GOV Ids Aadhaar,https://breachforums.st/Thread-DATABASE-Indian-2024-GOV-Ids-Aadhaar,"12-06-2024, 01:13 AM", khaam999
"Data Leak, Educational Center Salesianos Zaragoza org Spain (Free)",https://breachforums.st/Thread-Data-Leak-Educational-Center-Salesianos-Zaragoza-org-Spain-Free,"12-06-2024, 01:59 AM", CtrlAltDelete
Buy datas NGR,https://breachforums.st/Thread-Buy-datas-NGR,"12-02-2024, 07:22 AM", karl007
BUYING UK/PL facebook,https://breachforums.st/Thread-BUYING-UK-PL-facebook,"12-02-2024, 12:25 PM", underurspell
Buy Instagram Account,https://breachforums.st/Thread-BUYING-Buy-Instagram-Account,"12-02-2024, 12:49 PM", TigerShai
I need a lot of high quality webshells,https://breachforums.st/Thread-BUYING-I-need-a-lot-of-high-quality-webshells,"12-02-2024, 02:29 PM", gaqian
"Buy Thailand, Vietnam shopping data, South Korea loan data",https://breachforums.st/Thread-Buy-Thailand-Vietnam-shopping-data-South-Korea-loan-data,"12-02-2024, 03:29 PM", sbfnvtkd888
Robinhood Vm Checker,https://breachforums.st/Thread-BUYING-Robinhood%C2%A0Vm-Checker,"12-02-2024, 04:15 PM", Breachdatabase
"Buy Installs World mix, PPI",https://breachforums.st/Thread-BUYING-Buy-Installs-World-mix-PPI,"12-02-2024, 04:56 PM", orbaegor
buying crypto data USER:PASS,https://breachforums.st/Thread-buying-crypto-data-USER-PASS,"12-02-2024, 08:51 PM", szmatadziwkapozdro
[WTB] Tonnes OF .IO / .COM DOMAINS,https://breachforums.st/Thread-BUYING-WTB-Tonnes-OF-IO-COM-DOMAINS,"12-02-2024, 09:22 PM", Alleged
"Hello, I need China and US university library access",https://breachforums.st/Thread-Hello-I-need-China-and-US-university-library-access,12-03-2024, jame007
I need global stock data and high income data for Middle Eastern countries,https://breachforums.st/Thread-BUYING-I-need-global-stock-data-and-high-income-data-for-Middle-Eastern-countries,12-03-2024, coolworker378
I will buy traffic from China for the project,https://breachforums.st/Thread-I-will-buy-traffic-from-China-for-the-project--151183,12-03-2024, mitin
"Need @bubblegroup/pop source code If anyone has it, is willing to pay for it",https://breachforums.st/Thread-BUYING-Need-bubblegroup-pop-source-code-If-anyone-has-it-is-willing-to-pay-for-it,12-03-2024, guoer
I need real-time Vietnamese shopping data every day @miaomiao2344,https://breachforums.st/Thread-BUYING-I-need-real-time-Vietnamese-shopping-data-every-day-miaomiao2344,12-03-2024, zhaofugui
"I need a lot of data on overseas Chinese in Europe, please contact @miaomiao2344",https://breachforums.st/Thread-I-need-a-lot-of-data-on-overseas-Chinese-in-Europe-please-contact-miaomiao2344,12-03-2024, zhaofugui
Looking for high quality linkedin account,https://breachforums.st/Thread-Looking-for-high-quality-linkedin-account,12-03-2024, efojGDkqewgV
Buy fresh combination data,https://breachforums.st/Thread-Buy-fresh-combination-data,12-03-2024, ping678910
Buy fresh combination data,https://breachforums.st/Thread-Buy-fresh-combination-data--151205,12-03-2024, ping678910
Looking for a target in your URL:EMAIL:PASS,https://breachforums.st/Thread-Looking-for-a-target-in-your-URL-EMAIL-PASS,12-03-2024, perico2332
Looking for a penetration testing expert to work with? As long as you are strong enou,https://breachforums.st/Thread-Looking-for-a-penetration-testing-expert-to-work-with-As-long-as-you-are-strong-enou--151222,12-03-2024, XXX08
Buy Singapore 100k line - 100$,https://breachforums.st/Thread-Buy-Singapore-100k-line-100,12-03-2024, Trevor
"Germany Phone, Address and Name",https://breachforums.st/Thread-REQUEST-Germany-Phone-Address-and-Name,12-03-2024, feh1453
I need to buy access to Hotmail and Gmail emails from Guatemala,https://breachforums.st/Thread-I-need-to-buy-access-to-Hotmail-and-Gmail-emails-from-Guatemala,12-03-2024, Gabito
LOOKING FOR FRENCH COINBASE EMAIL DATA,https://breachforums.st/Thread-LOOKING-FOR-FRENCH-COINBASE-EMAIL-DATA,12-03-2024, DuckGo
Need UK database for 1 site only,https://breachforums.st/Thread-Need-UK-database-for-1-site-only,12-03-2024, tochidz
BUYING AUSTRALIA MAIL:PASS COMBO !,https://breachforums.st/Thread-BUYING-BUYING-AUSTRALIA-MAIL-PASS-COMBO,12-03-2024, Kaiser389
Looking for a target in your U:L:P,https://breachforums.st/Thread-Looking-for-a-target-in-your-U-L-P,12-03-2024, ursuursu1752
OSCP+,https://breachforums.st/Thread-OSCP--151325,12-04-2024, PabloPicusso
I need real-time shopping data from Japan,https://breachforums.st/Thread-I-need-real-time-shopping-data-from-Japan,12-04-2024, sbfnvtkd888
Need accounts GOOGLE VOISE,https://breachforums.st/Thread-Need-accounts-GOOGLE-VOISE,12-04-2024, phelkaelka1
Data on men from China are needed. long term need,https://breachforums.st/Thread-BUYING-Data-on-men-from-China-are-needed-long-term-need,12-04-2024, xiaopacai686
I'm looking for a Twitter and Instagram account with a high number of follower,https://breachforums.st/Thread-BUYING-I-m-looking-for-a-Twitter-and-Instagram-account-with-a-high-number-of-follower,12-04-2024, Ragnarrr
Telecom operator data for each country is required!,https://breachforums.st/Thread-BUYING-Telecom-operator-data-for-each-country-is-required,"12-04-2024, 08:03 AM", AdammWrightt
Need real-time loan data from South Korea,https://breachforums.st/Thread-Need-real-time-loan-data-from-South-Korea,"12-04-2024, 09:55 AM", sbfnvtkd888
Phone Database of Popular Brazilian Apps,https://breachforums.st/Thread-BUYING-Phone-Database-of-Popular-Brazilian-Apps,"12-04-2024, 10:33 AM", slingshot
Tools To Track Target Locations,https://breachforums.st/Thread-Tools-To-Track-Target-Locations,"12-04-2024, 11:10 AM", makecreative
wtb germany docs with selfie fresh,https://breachforums.st/Thread-wtb-germany-docs-with-selfie-fresh,"12-04-2024, 01:15 PM", ahmedxd
LOOKING FOR A RELIABLE PARTNER $$$,https://breachforums.st/Thread-REQUEST-LOOKING-FOR-A-RELIABLE-PARTNER,"12-04-2024, 01:57 PM", CRXTICAL
We need two months of gambling data for Chinese gambling,https://breachforums.st/Thread-We-need-two-months-of-gambling-data-for-Chinese-gambling,"12-04-2024, 03:25 PM", sbfnvtkd888
SatanC2 Botnet - Your best DDOS solution.,https://breachforums.st/Thread-SatanC2-Botnet-Your-best-DDOS-solution,"11-20-2024, 02:49 AM", rootr
Best IPTV Subscription 2025 ⚡ All World Tv Channel ⚡ VODs ⚡ Free Trial,https://breachforums.st/Thread-Best-IPTV-Subscription-2025-%E2%9A%A1-All-World-Tv-Channel-%E2%9A%A1-VODs-%E2%9A%A1-Free-Trial,"11-20-2024, 03:10 AM", XtreamPlayer
[FOR SALE] Custom Cobalt Strike Artifact Kit & Reflection Loaders – Fully FUD,https://breachforums.st/Thread-FOR-SALE-Custom-Cobalt-Strike-Artifact-Kit-Reflection-Loaders-%E2%80%93-Fully-FUD,"11-21-2024, 04:18 AM", 4dm1n
Costume IOS Malware As Your Request,https://breachforums.st/Thread-Costume-IOS-Malware-As-Your-Request,"11-21-2024, 09:17 AM", 4dm1n
Grow Your Instagram Fast with High-Quality Followers! [Refill Guarantees Included],https://breachforums.st/Thread-Grow-Your-Instagram-Fast-with-High-Quality-Followers-Refill-Guarantees-Included,"11-21-2024, 07:17 PM", SCOUT78945
I lifetime gpt4-o no limited,https://breachforums.st/Thread-I-lifetime-gpt4-o-no-limited,"11-21-2024, 09:34 PM", richa
[#1 Email Bomber - DiddyBomber]⭐DIDDY.PW⭐SPAM EMAILS FOR CHEAP⭐ API ⭐LIGHTNING FAST⭐,https://breachforums.st/Thread-1-Email-Bomber-DiddyBomber-%E2%AD%90DIDDY-PW%E2%AD%90SPAM-EMAILS-FOR-CHEAP%E2%AD%90-API-%E2%AD%90LIGHTNING-FAST%E2%AD%90,"11-22-2024, 01:31 AM", sag
⚡️#1 BUYING INSTAGRAM FOLLOWERS | REAL & ACTIVE FOLLOWERS | JUST $3 |⚡️,https://breachforums.st/Thread-%E2%9A%A1%EF%B8%8F-1-BUYING-INSTAGRAM-FOLLOWERS-REAL-ACTIVE-FOLLOWERS-JUST-3-%E2%9A%A1%EF%B8%8F,"11-22-2024, 11:27 PM", SCOUT78945
GravesNet Mirai Botnet - 280 GB/s - CHEAP,https://breachforums.st/Thread-GravesNet-Mirai-Botnet-280-GB-s-CHEAP,"11-23-2024, 05:02 AM", EagleStrike
!! Spamming Service with HIGH Deliverability !!,https://breachforums.st/Thread-Spamming-Service-with-HIGH-Deliverability,"11-23-2024, 11:57 AM", balerionthegreat
Coding Services: Tailored Solutions for Your Needs - PHP/NODEJS/PYTHON,https://breachforums.st/Thread-Coding-Services-Tailored-Solutions-for-Your-Needs-PHP-NODEJS-PYTHON,"11-23-2024, 08:00 PM", balerionthegreat
HACK ANDROID,https://breachforums.st/Thread-HACK-ANDROID,"11-23-2024, 09:42 PM", souldanger642
⚡️⚡️⚡️#1 BUYING INSTAGRAM FOLLOWERS | REAL & ACTIVE FOLLOWERS | JUST $3 |⚡️⚡️⚡️,https://breachforums.st/Thread-%E2%9A%A1%EF%B8%8F%E2%9A%A1%EF%B8%8F%E2%9A%A1%EF%B8%8F-1-BUYING-INSTAGRAM-FOLLOWERS-REAL-ACTIVE-FOLLOWERS-JUST-3-%E2%9A%A1%EF%B8%8F%E2%9A%A1%EF%B8%8F%E2%9A%A1%EF%B8%8F,"11-23-2024, 11:55 PM", SCOUT78945
im broke buy my shit (doxing / osint),https://breachforums.st/Thread-im-broke-buy-my-shit-doxing-osint,"11-24-2024, 04:58 PM", TerrorBird
VIDEO EDITING SERVICE | REELS/YOUTUBE/PROMO | DISCORD .GG/BRANDFORGE | FAST DELIVERY,https://breachforums.st/Thread-VIDEO-EDITING-SERVICE-REELS-YOUTUBE-PROMO-DISCORD-GG-BRANDFORGE-FAST-DELIVERY,"11-24-2024, 06:51 PM", jalil00001
Premium DDoS For Hire Service (SEO),https://breachforums.st/Thread-Premium-DDoS-For-Hire-Service-SEO,"11-25-2024, 05:43 PM", krismn
Sms spoofing,https://breachforums.st/Thread-Sms-spoofing,"11-25-2024, 08:00 PM", Discovery1017
SID,https://breachforums.st/Thread-SID,"11-25-2024, 08:01 PM", Discovery1017
Cross-checking your emails,https://breachforums.st/Thread-Cross-checking-your-emails,"11-26-2024, 02:40 AM", xanarchy
Cashout europe,https://breachforums.st/Thread-Cashout-europe--150125,"11-26-2024, 05:54 PM", alex_kalkan
Dark Hacking Service / Private Investigator,https://breachforums.st/Thread-Dark-Hacking-Service-Private-Investigator,"11-27-2024, 10:37 AM", ShadowX007
[#1]KYC Service / Bank's / Exchange / Casino / Edit Bills Start from 9.99,https://breachforums.st/Thread-1-KYC-Service-Bank-s-Exchange-Casino-Edit-Bills-Start-from-9-99,"11-29-2024, 10:39 AM", shiverBusiness
ClearVoice.co | Premium VOIP Provider | Spoofing allowed | Resellers allowed,https://breachforums.st/Thread-ClearVoice-co-Premium-VOIP-Provider-Spoofing-allowed-Resellers-allowed,"11-30-2024, 03:14 PM", Clear_Voice
$30 COMPREHENSIVE DOXES - PAYABLE IN ANY CRYPTOCURRENCY + ESCROW,https://breachforums.st/Thread-30-COMPREHENSIVE-DOXES-PAYABLE-IN-ANY-CRYPTOCURRENCY-ESCROW,"11-30-2024, 06:10 PM", tsutaja
KYC SERVICES,https://breachforums.st/Thread-KYC-SERVICES,"11-30-2024, 08:02 PM", hardshiver
[⭐5 EUR] - Pentest Service - Breach Them Today ⭐,https://breachforums.st/Thread-%E2%AD%905-EUR-Pentest-Service-Breach-Them-Today-%E2%AD%90,"11-30-2024, 10:43 PM", adjective
DARKSTRESSER.NET ⚜️Privacy Focused DDoS Botnet.,https://breachforums.st/Thread-DARKSTRESSER-NET-%E2%9A%9C%EF%B8%8FPrivacy-Focused-DDoS-Botnet,"12-01-2024, 12:47 AM",303
PRIVATE CRYPT - EV Cert included - BYPASS SMARTSCREEN & WD - CHEAPEST ON BF - $250,https://breachforums.st/Thread-PRIVATE-CRYPT-EV-Cert-included-BYPASS-SMARTSCREEN-WD-CHEAPEST-ON-BF-250,"12-01-2024, 02:19 PM", Twixx
Professional Web Security Analysis Service 2024,https://breachforums.st/Thread-Professional-Web-Security-Analysis-Service-2024,"12-01-2024, 07:44 PM", elperikito
CRYPTOSCAM STRUCTURE | EncryptionHub | We have something to surprise you.,https://breachforums.st/Thread-CRYPTOSCAM-STRUCTURE-EncryptionHub-We-have-something-to-surprise-you,"12-02-2024, 10:30 AM", grotesque
HONEYPOT EVM FOR SALE,https://breachforums.st/Thread-HONEYPOT-EVM-FOR-SALE,"12-02-2024, 10:32 AM", grotesque
TryHackMe Premium Voucher & LinkedIN & Perplexity AI Pro,https://breachforums.st/Thread-TryHackMe-Premium-Voucher-LinkedIN-Perplexity-AI-Pro,"12-02-2024, 11:37 AM", feast
CASINO' S ALGORITHM FOR MONEY EASY,https://breachforums.st/Thread-CASINO-S-ALGORITHM-FOR-MONEY-EASY,"12-02-2024, 05:44 PM", Jinksy
U:L:P Service | Custom Requests,https://breachforums.st/Thread-U-L-P-Service-Custom-Requests,"12-02-2024, 08:16 PM", asgaard100
APK FUD SERVİCE,https://breachforums.st/Thread-APK-FUD-SERV%C4%B0CE,12-03-2024, Berilcoder
For Sale: Email Access from Any Country or Domain You Desire!,https://breachforums.st/Thread-For-Sale-Email-Access-from-Any-Country-or-Domain-You-Desire,12-03-2024, lucipherbot
DarkStresser ⚡ Premium DDoS Service ⚡ Cheap prices of the market!,https://breachforums.st/Thread-DarkStresser-%E2%9A%A1-Premium-DDoS-Service-%E2%9A%A1-Cheap-prices-of-the-market,12-04-2024,303
AZURE ACCOUNTS (100$ FOR ONLY 15$)!!!,https://breachforums.st/Thread-AZURE-ACCOUNTS-100-FOR-ONLY-15,"12-04-2024, 01:50 PM", sonicthehedgehog
"Telegram Number Filter , whatsapp number filter, line number filter, zalo number filt",https://breachforums.st/Thread-Telegram-Number-Filter-whatsapp-number-filter-line-number-filter-zalo-number-filt,"12-04-2024, 03:03 PM", checktosee
Web Development and mobile app development service,https://breachforums.st/Thread-Web-Development-and-mobile-app-development-service,"12-04-2024, 03:08 PM", checktosee
Data - Indonesian officials and presidents,https://breachforums.st/Thread-Data-Indonesian-officials-and-presidents,"11-09-2024, 07:24 AM", MrPatrixx
x30 EPRESS VPN Premium Accounts With Full Capture,https://breachforums.st/Thread-x30-EPRESS-VPN-Premium-Accounts-With-Full-Capture,"11-09-2024, 09:27 AM", Megatron
x16 HotspotShield VPN Premium Accounts With Expiry Date,https://breachforums.st/Thread-x16-HotspotShield-VPN-Premium-Accounts-With-Expiry-Date,"11-09-2024, 09:29 AM", Megatron
10 Disney Premium Accounts With Full Cap,https://breachforums.st/Thread-10-Disney-Premium-Accounts-With-Full-Cap,"11-09-2024, 02:25 PM", el_capitan
40 Steam Accounts With Games,https://breachforums.st/Thread-40-Steam-Accounts-With-Games,"11-09-2024, 02:25 PM", el_capitan
10 Tunnel Bear VPN Accounts With Full Capture,https://breachforums.st/Thread-10-Tunnel-Bear-VPN-Accounts-With-Full-Capture,"11-09-2024, 02:26 PM", el_capitan
115 Mega.nz Hits With Data,https://breachforums.st/Thread-115-Mega-nz-Hits-With-Data,"11-09-2024, 02:28 PM", el_capitan
"⭐NEW CRACKED ACCOUNTS! COOKIES AMAZON, GMAIL, IG, LINKEDIN, TIKTOK, TWITCH AND YAHOO✨",https://breachforums.st/Thread-%E2%AD%90NEW-CRACKED-ACCOUNTS-COOKIES-AMAZON-GMAIL-IG-LINKEDIN-TIKTOK-TWITCH-AND-YAHOO%E2%9C%A8--147072,"11-09-2024, 09:36 PM", MiguelCracked
x12 NordVPN Premium Accounts With Expiry Date,https://breachforums.st/Thread-x12-NordVPN-Premium-Accounts-With-Expiry-Date,"11-10-2024, 10:40 AM", Megatron
x500 Hotmail Accounts | Fresh Capture,https://breachforums.st/Thread-x500-Hotmail-Accounts-Fresh-Capture,"11-10-2024, 10:47 AM", ibrahimgoma
NETFLIX PREMIUM ACCOUNT COOKIES,https://breachforums.st/Thread-NETFLIX-PREMIUM-ACCOUNT-COOKIES,"11-11-2024, 04:31 AM", Interstellar
"Fortnite, Netflix and spotify acc 100+",https://breachforums.st/Thread-Fortnite-Netflix-and-spotify-acc-100,"11-11-2024, 05:56 AM", DoxAura
1x Netflix Cookies (good luck),https://breachforums.st/Thread-1x-Netflix-Cookies-good-luck,"11-11-2024, 07:37 AM", B3rlinAl
220 Steam Accounts With Games,https://breachforums.st/Thread-220-Steam-Accounts-With-Games,"11-11-2024, 04:51 PM", el_capitan
10 NORD VPN Premium Accounts,https://breachforums.st/Thread-10-NORD-VPN-Premium-Accounts--147360,"11-11-2024, 04:52 PM", el_capitan
31.9K nadra.gov.pk logs,https://breachforums.st/Thread-31-9K-nadra-gov-pk-logs,"11-12-2024, 08:03 AM", LightArc
x9 DAZN Premium Accounts With Full Capture,https://breachforums.st/Thread-x9-DAZN-Premium-Accounts-With-Full-Capture,"11-12-2024, 02:49 PM", Megatron
x13 Disney+ Premium Accounts With Full Capture,https://breachforums.st/Thread-x13-Disney-Premium-Accounts-With-Full-Capture,"11-12-2024, 02:52 PM", Megatron
x900 hotmail,https://breachforums.st/Thread-x900-hotmail,"11-12-2024, 07:18 PM", FutureSeeker
[WORKING] NETFLIX & SPOTIFY ACCOUNTS / HUGE LEAK / SUPER FRESH,https://breachforums.st/Thread-WORKING-NETFLIX-SPOTIFY-ACCOUNTS-HUGE-LEAK-SUPER-FRESH--147594,"11-12-2024, 11:14 PM", DoxAura
[5X] Ulta.com 50-80$ Balance,https://breachforums.st/Thread-5X-Ulta-com-50-80-Balance,"11-12-2024, 11:42 PM", BadassBoi
"[7X] Subway With Payment [FREE FOOOD, ENJOY]",https://breachforums.st/Thread-7X-Subway-With-Payment-FREE-FOOOD-ENJOY,"11-12-2024, 11:49 PM", BadassBoi
[30X] Roku With Payment [By Nardo.FO],https://breachforums.st/Thread-30X-Roku-With-Payment-By-Nardo-FO,"11-13-2024, 12:56 AM", BadassBoi
[5X] IHG With 20K+ Points,https://breachforums.st/Thread-5X-IHG-With-20K-Points,"11-13-2024, 01:01 AM", BadassBoi
"⭐NEW CRACKED ACCOUNTS! COOKIES AMAZON, GENSHIN, LINKEDIN, TIKTOK, AND TWITCH✨",https://breachforums.st/Thread-%E2%AD%90NEW-CRACKED-ACCOUNTS-COOKIES-AMAZON-GENSHIN-LINKEDIN-TIKTOK-AND-TWITCH%E2%9C%A8,"11-13-2024, 01:40 AM", MiguelCracked
X20 ACC EXPRESS VPN PREMIUM ACCOUNTS,https://breachforums.st/Thread-X20-ACC-EXPRESS-VPN-PREMIUM-ACCOUNTS,"11-13-2024, 03:22 AM", Interstellar
x251 MOBILE LEGENDS ACCOUNTS UNCHECK,https://breachforums.st/Thread-x251-MOBILE-LEGENDS-ACCOUNTS-UNCHECK,"11-13-2024, 11:17 AM", VAR
x63 ONLYFANS ACCOUNTS WITH BALANCE/SUBSCRIPTION,https://breachforums.st/Thread-x63-ONLYFANS-ACCOUNTS-WITH-BALANCE-SUBSCRIPTION,"11-13-2024, 11:20 AM", VAR
100 ROBUX REDEEM CODE | GRAB IT FAST!,https://breachforums.st/Thread-100-ROBUX-REDEEM-CODE-GRAB-IT-FAST,"11-13-2024, 11:26 AM", Sk11th
U7BUY & G2A ACCOUNT WITH CC/PAYMENT,https://breachforums.st/Thread-U7BUY-G2A-ACCOUNT-WITH-CC-PAYMENT,"11-13-2024, 11:39 AM", Sk11th
20k line Roblox Leak!,https://breachforums.st/Thread-20k-line-Roblox-Leak,"11-13-2024, 12:08 PM", OhKyo
11 DAZN Working Premium Accounts,https://breachforums.st/Thread-11-DAZN-Working-Premium-Accounts,"11-13-2024, 01:08 PM", el_capitan
x5 Cyber Ghost Premium Accounts | Working,https://breachforums.st/Thread-x5-Cyber-Ghost-Premium-Accounts-Working,"11-13-2024, 01:09 PM", el_capitan
[5X] Alaska Airlines 20K+ Points,https://breachforums.st/Thread-5X-Alaska-Airlines-20K-Points,"11-13-2024, 02:55 PM", BadassBoi
"[5X] AberCrombie with 20$ Balance, Enjoy FREE STUFF.",https://breachforums.st/Thread-5X-AberCrombie-with-20-Balance-Enjoy-FREE-STUFF,"11-13-2024, 03:01 PM", BadassBoi
[10X] Fandango.com With payments enjoy free tickets,https://breachforums.st/Thread-10X-Fandango-com-With-payments-enjoy-free-tickets,"11-13-2024, 03:31 PM", BadassBoi
x105 DisneyPlus Premium Accounts With Full Capture,https://breachforums.st/Thread-x105-DisneyPlus-Premium-Accounts-With-Full-Capture,"11-13-2024, 04:30 PM", Megatron
x7 CrunchyRoll Premium Accounts With Full Capture,https://breachforums.st/Thread-x7-CrunchyRoll-Premium-Accounts-With-Full-Capture,"11-13-2024, 04:40 PM", Megatron
100X HOTMAIL ACCESS HITS WITH CAPTURE FRESH,https://breachforums.st/Thread-100X-HOTMAIL-ACCESS-HITS-WITH-CAPTURE-FRESH,"11-14-2024, 08:02 AM", B33N
[500.000] Instagram Accounts,https://breachforums.st/Thread-500-000-Instagram-Accounts,"11-14-2024, 08:44 AM", holiganbuz
[400.000] Instagram Android Accounts,https://breachforums.st/Thread-400-000-Instagram-Android-Accounts,"11-14-2024, 10:10 AM", holiganbuz
x10 Hotmail 2FA,https://breachforums.st/Thread-x10-Hotmail-2FA,"11-14-2024, 11:28 AM", OpenBullet
NEED VPS ACCOUNT ( for cheap buy),https://breachforums.st/Thread-NEED-VPS-ACCOUNT-for-cheap-buy,"11-14-2024, 04:22 PM", k4pxdd
Linkdin account Buy,https://breachforums.st/Thread-Linkdin-account-Buy,"11-14-2024, 06:20 PM", Mantal2
"⭐NEW CRACKED ACCOUNTS! COOKIES AMAZON, GMAIL, IG, LINKEDIN, TIKTOK, TWITCH AND YAHOO✨",https://breachforums.st/Thread-%E2%AD%90NEW-CRACKED-ACCOUNTS-COOKIES-AMAZON-GMAIL-IG-LINKEDIN-TIKTOK-TWITCH-AND-YAHOO%E2%9C%A8--147958,"11-14-2024, 09:18 PM", MiguelCracked
200x Hotmail Private Hits Removed 2FA and bad,https://breachforums.st/Thread-200x-Hotmail-Private-Hits-Removed-2FA-and-bad,"11-15-2024, 02:45 AM", REDD
PIA VPN ACCOUNTS,https://breachforums.st/Thread-PIA-VPN-ACCOUNTS,"11-15-2024, 04:06 AM", Interstellar
121.6K HEC.GOV.PK Lines,https://breachforums.st/Thread-121-6K-HEC-GOV-PK-Lines,"11-15-2024, 05:09 AM", LightArc
Netflix cookies Free,https://breachforums.st/Thread-Netflix-cookies-Free,"11-15-2024, 08:06 AM", B3rlinAl
x284 MOBILE LEGENDS ACCOUNTS WITH SKIN/DIAMOND,https://breachforums.st/Thread-x284-MOBILE-LEGENDS-ACCOUNTS-WITH-SKIN-DIAMOND,"11-15-2024, 09:23 AM", VAR
FREE FIRE & 8 BALL POOL ACCOUNTS WITH CASH/SKIN/DIAMOND,https://breachforums.st/Thread-FREE-FIRE-8-BALL-POOL-ACCOUNTS-WITH-CASH-SKIN-DIAMOND,"11-15-2024, 09:29 AM", VAR
x44 NETFLIX PREMIUM FRESH HITS,https://breachforums.st/Thread-x44-NETFLIX-PREMIUM-FRESH-HITS,"11-15-2024, 09:47 AM", Sk11th
AIRBNB ACCOUNTS WITH CC/POINTS,https://breachforums.st/Thread-AIRBNB-ACCOUNTS-WITH-CC-POINTS,"11-15-2024, 09:52 AM", Sk11th
x37 DISNEY+ PREMIUM ACCOUNTS HIT,https://breachforums.st/Thread-x37-DISNEY-PREMIUM-ACCOUNTS-HIT,"11-15-2024, 10:04 AM", Sk11th
"⭐NEW CRACKED ACCOUNTS! COOKIES AMAZON, GMAIL, IG, LINKEDIN, TIKTOK, TWITCH AND YAHOO✨",https://breachforums.st/Thread-%E2%AD%90NEW-CRACKED-ACCOUNTS-COOKIES-AMAZON-GMAIL-IG-LINKEDIN-TIKTOK-TWITCH-AND-YAHOO%E2%9C%A8--148117,"11-15-2024, 07:50 PM", MiguelCracked
Venmo verified account create in 11/16/2024,https://breachforums.st/Thread-Venmo-verified-account-create-in-11-16-2024,"11-15-2024, 09:02 PM", antorislam1040
rumbletalk.com Admin Access,https://breachforums.st/Thread-rumbletalk-com-Admin-Access,"11-16-2024, 08:36 AM", Madison01
247.7 THOUSAND (247.766) ISRAELI FIVEER COMPANY ACCESSES,https://breachforums.st/Thread-247-7-THOUSAND-247-766-ISRAELI-FIVEER-COMPANY-ACCESSES,"11-16-2024, 10:03 AM", gettexik
[⚡️ NETFLIX.COM ⚡️] ⚡️ NETFLIX ACCOUNTS ⚡️ |FRESH,https://breachforums.st/Thread-%E2%9A%A1%EF%B8%8F-NETFLIX-COM-%E2%9A%A1%EF%B8%8F-%E2%9A%A1%EF%B8%8F-NETFLIX-ACCOUNTS-%E2%9A%A1%EF%B8%8F-FRESH,"11-16-2024, 12:18 PM", clixou22
300 Call of Duty Mobile Game Accounts,https://breachforums.st/Thread-300-Call-of-Duty-Mobile-Game-Accounts,"11-16-2024, 06:17 PM", el_capitan
Netflix Premium Accounts Fresh,https://breachforums.st/Thread-Netflix-Premium-Accounts-Fresh,"11-16-2024, 10:02 PM", HackingRealm
"377K Lines of Federal Board of Revenue, Pakistan",https://breachforums.st/Thread-377K-Lines-of-Federal-Board-of-Revenue-Pakistan,"11-17-2024, 05:23 AM", LightArc
13 Disney+ Premium Working Accounts,https://breachforums.st/Thread-13-Disney-Premium-Working-Accounts,"11-17-2024, 03:13 PM", el_capitan
10 DAZN Premium Accounts With Full Capture,https://breachforums.st/Thread-10-DAZN-Premium-Accounts-With-Full-Capture,"11-17-2024, 03:14 PM", el_capitan
13 Windscribe VPN Premium Working Accounts,https://breachforums.st/Thread-13-Windscribe-VPN-Premium-Working-Accounts,"11-17-2024, 03:14 PM", el_capitan
50 Disney+ Premium Accounts,https://breachforums.st/Thread-50-Disney-Premium-Accounts--148470,"11-17-2024, 03:16 PM", el_capitan
x10 DISNEY PLUS Premium Accounts With Full Capture,https://breachforums.st/Thread-x10-DISNEY-PLUS-Premium-Accounts-With-Full-Capture,"11-17-2024, 04:15 PM", Megatron
x30 CRUNCHYROLL Premium Accounts With Full Capture,https://breachforums.st/Thread-x30-CRUNCHYROLL-Premium-Accounts-With-Full-Capture,"11-17-2024, 04:19 PM", Megatron
X25 ZALANDO ACCOUNTS W/CAPTURE PRIVATE HITS WITH CART HISTORY 100% WORKS,https://breachforums.st/Thread-X25-ZALANDO-ACCOUNTS-W-CAPTURE-PRIVATE-HITS-WITH-CART-HISTORY-100-WORKS,"11-18-2024, 12:46 AM", REDD
14x ⭐️Vypr VPN⚡️ PREMIUM Full Cap,https://breachforums.st/Thread-14x-%E2%AD%90%EF%B8%8FVypr-VPN%E2%9A%A1%EF%B8%8F-PREMIUM-Full-Cap,"11-18-2024, 03:27 AM", Interstellar
Netflix cookies hope you enjoy it,https://breachforums.st/Thread-Netflix-cookies-hope-you-enjoy-it,"11-18-2024, 02:22 PM", B3rlinAl
"⭐NEW CRACKED ACCOUNTS! COOKIES AMAZON, EBAY, GMAIL, LINKEDIN, IG, TIKTOK AND TWITCH✨",https://breachforums.st/Thread-%E2%AD%90NEW-CRACKED-ACCOUNTS-COOKIES-AMAZON-EBAY-GMAIL-LINKEDIN-IG-TIKTOK-AND-TWITCH%E2%9C%A8,"11-18-2024, 08:27 PM", MiguelCracked
Tons of microsoft business emails!!!!!,https://breachforums.st/Thread-Tons-of-microsoft-business-emails,"11-18-2024, 10:26 PM", detto818
[HOTMAIL] 2025+ ACCOUNTS | FULL ACCESS | PRIVATE | NO 2FA ⭐ FRESH CRACKED ⭐,https://breachforums.st/Thread-HOTMAIL-2025-ACCOUNTS-FULL-ACCESS-PRIVATE-NO-2FA-%E2%AD%90-FRESH-CRACKED-%E2%AD%90,"11-19-2024, 01:47 AM", REDD
x6 NordVPN Premium Accounts With Expiry Date,https://breachforums.st/Thread-x6-NordVPN-Premium-Accounts-With-Expiry-Date,"11-19-2024, 08:34 AM", Megatron
x4 DAZN Premium Accounts With Full Capture,https://breachforums.st/Thread-x4-DAZN-Premium-Accounts-With-Full-Capture,"11-19-2024, 08:50 AM", Megatron
20 EXPRESS VPN Premium Accounts,https://breachforums.st/Thread-20-EXPRESS-VPN-Premium-Accounts--148798,"11-19-2024, 01:40 PM", el_capitan
52 UBISOFT Accounts With Games,https://breachforums.st/Thread-52-UBISOFT-Accounts-With-Games,"11-19-2024, 01:42 PM", el_capitan
"5,8K INSTAGRAM ACCOUNTS LOGS [HQ]",https://breachforums.st/Thread-5-8K-INSTAGRAM-ACCOUNTS-LOGS-HQ,"11-19-2024, 04:40 PM", VAR
x21 NETFLIX PREMIUM FULL CAPTURE,https://breachforums.st/Thread-x21-NETFLIX-PREMIUM-FULL-CAPTURE,"11-19-2024, 04:45 PM", VAR
BINANCE & CRYPTO.COM ACCOUNTS,https://breachforums.st/Thread-BINANCE-CRYPTO-COM-ACCOUNTS,"11-19-2024, 04:48 PM", VAR
x390 TIKTOK ACCOUNTS LOGS,https://breachforums.st/Thread-x390-TIKTOK-ACCOUNTS-LOGS,"11-19-2024, 04:52 PM", VAR
SurfShark VPN Premuim Accounts [2025-2026],https://breachforums.st/Thread-SurfShark-VPN-Premuim-Accounts-2025-2026,"11-20-2024, 03:31 AM", Interstellar
8 PORN SITE PREMIUM I 1 ACCOUNT [FRESH],https://breachforums.st/Thread-8-PORN-SITE-PREMIUM-I-1-ACCOUNT-FRESH,"11-20-2024, 11:33 AM", VAR
QuillBot Premium Full Capture,https://breachforums.st/Thread-QuillBot-Premium-Full-Capture,"11-20-2024, 11:37 AM", VAR
x50 Express VPN Premium Accounts With Full Capture,https://breachforums.st/Thread-x50-Express-VPN-Premium-Accounts-With-Full-Capture,"11-20-2024, 02:01 PM", Megatron
x200 Disney Plus Premium Accounts With Full Cap,https://breachforums.st/Thread-x200-Disney-Plus-Premium-Accounts-With-Full-Cap,"11-20-2024, 02:05 PM", Megatron
x21 ONLYFANS ACCOUNTS WITH BALANCE/CC/COLLECTION,https://breachforums.st/Thread-x21-ONLYFANS-ACCOUNTS-WITH-BALANCE-CC-COLLECTION,"11-20-2024, 04:30 PM", Godelaww
"⭐NEW CRACKED ACCOUNTS! COOKIES HULU, EBAY, TIKTOK AND TWITCH✨",https://breachforums.st/Thread-%E2%AD%90NEW-CRACKED-ACCOUNTS-COOKIES-HULU-EBAY-TIKTOK-AND-TWITCH%E2%9C%A8,"11-20-2024, 11:37 PM", MiguelCracked
70 woodpres user and password,https://breachforums.st/Thread-70-woodpres-user-and-password,"11-21-2024, 08:22 AM", D49D3K
subsiditepat.pertamina.com admin login,https://breachforums.st/Thread-subsiditepat-pertamina-com-admin-login,"11-21-2024, 12:30 PM", kingjungle
x105 DisneyPlus Premium Accounts With Full Cap,https://breachforums.st/Thread-x105-DisneyPlus-Premium-Accounts-With-Full-Cap,"11-21-2024, 01:23 PM", Secur3rat
100 SPOTIFY Premium Accounts,https://breachforums.st/Thread-100-SPOTIFY-Premium-Accounts,"11-21-2024, 04:27 PM", el_capitan
105 DISNEY+ Premium Accounts,https://breachforums.st/Thread-105-DISNEY-Premium-Accounts,"11-21-2024, 04:27 PM", el_capitan
"⭐NEW CRACKED ACCOUNTS! COOKIES AMAZON, GMAIL, IG, LINKEDIN, TIKTOK, TWITCH AND YAHOO✨",https://breachforums.st/Thread-%E2%AD%90NEW-CRACKED-ACCOUNTS-COOKIES-AMAZON-GMAIL-IG-LINKEDIN-TIKTOK-TWITCH-AND-YAHOO%E2%9C%A8--149287,"11-21-2024, 09:41 PM", MiguelCracked
40 roblox accounts,https://breachforums.st/Thread-40-roblox-accounts,"11-22-2024, 02:36 AM", SakiIzum0
X10 CYBERGHOST VPN PREMIUM HITS⭐️CYBERGHOST PREMIUM,https://breachforums.st/Thread-X10-CYBERGHOST-VPN-PREMIUM-HITS%E2%AD%90%EF%B8%8FCYBERGHOST-PREMIUM,"11-22-2024, 02:53 AM", Interstellar
free netflix cookies hope you like (3 Acccount),https://breachforums.st/Thread-free-netflix-cookies-hope-you-like-3-Acccount,"11-22-2024, 05:55 AM", B3rlinAl
X30 DISNEY+ PREMIUM ACCOUNTS [NEW] FULL CAPTURE,https://breachforums.st/Thread-X30-DISNEY-PREMIUM-ACCOUNTS-NEW-FULL-CAPTURE,"11-22-2024, 02:11 PM", bamaker
30 Disney+ Premium Working Accounts,https://breachforums.st/Thread-30-Disney-Premium-Working-Accounts,"11-22-2024, 02:29 PM", el_capitan
30 Steam Accounts With Games,https://breachforums.st/Thread-30-Steam-Accounts-With-Games,"11-22-2024, 02:31 PM", el_capitan
x36 NEW CRUNCHYROLL ACCOUNTS,https://breachforums.st/Thread-x36-NEW-CRUNCHYROLL-ACCOUNTS,"11-22-2024, 04:14 PM", 0mnisci3ns
PAYPAL ACCOUNTS LOGS,https://breachforums.st/Thread-PAYPAL-ACCOUNTS-LOGS,"11-22-2024, 06:45 PM", VRX
"⭐NEW CRACKED ACCOUNTS! COOKIES AMAZON, GMAIL, IG, LINKEDIN, TIKTOK, TWITCH AND YAHOO✨",https://breachforums.st/Thread-%E2%AD%90NEW-CRACKED-ACCOUNTS-COOKIES-AMAZON-GMAIL-IG-LINKEDIN-TIKTOK-TWITCH-AND-YAHOO%E2%9C%A8--149460,"11-22-2024, 07:33 PM", MiguelCracked
Huge 50k Roblox Databreach,https://breachforums.st/Thread-Huge-50k-Roblox-Databreach,"11-23-2024, 03:57 PM", KyoWhyTho
FFXIV ACCOUNTS | FULL CAPTURE,https://breachforums.st/Thread-FFXIV-ACCOUNTS-FULL-CAPTURE,"11-23-2024, 05:39 PM", skilly
x10 PARAMOUNT PLUS Premium Accounts With Full Cap,https://breachforums.st/Thread-x10-PARAMOUNT-PLUS-Premium-Accounts-With-Full-Cap,"11-23-2024, 06:07 PM", Megatron
x1843 PAYPAL ACCOUNTS LOGS,https://breachforums.st/Thread-x1843-PAYPAL-ACCOUNTS-LOGS,"11-24-2024, 04:57 AM", VRX
crownaddisproperties.com Admin Access,https://breachforums.st/Thread-crownaddisproperties-com-Admin-Access,"11-24-2024, 06:27 AM", Madison01
autogestion-guarani.unr.edu.ar user Access,https://breachforums.st/Thread-autogestion-guarani-unr-edu-ar-user-Access,"11-24-2024, 06:59 AM", Madison01
kosher24.net Admin Access,https://breachforums.st/Thread-kosher24-net-Admin-Access,"11-24-2024, 07:12 AM", Madison01
srilankaeldercare.gov.lk Access,https://breachforums.st/Thread-srilankaeldercare-gov-lk-Access,"11-24-2024, 07:35 AM", Madison01
demo.splynx.com Access,https://breachforums.st/Thread-demo-splynx-com-Access,"11-24-2024, 08:32 AM", Madison01
hihostnow.com.ng Domain DNS Access,https://breachforums.st/Thread-hihostnow-com-ng-Domain-DNS-Access,"11-24-2024, 08:52 AM", Madison01
afphabitat.cl Web Panel Access,https://breachforums.st/Thread-afphabitat-cl-Web-Panel-Access,"11-24-2024, 09:14 AM", Madison01
71X MIX Cracked SMTP good for sending emails,https://breachforums.st/Thread-71X-MIX-Cracked-SMTP-good-for-sending-emails,"11-24-2024, 09:55 AM", lucifer4726
x300 NETFLIX Premium HITS With COOKIES,https://breachforums.st/Thread-x300-NETFLIX-Premium-HITS-With-COOKIES--149813,"11-24-2024, 08:17 PM", Secur3rat
X128 FUBO TV PREMIUM ACCOUNTS FULL CAP,https://breachforums.st/Thread-X128-FUBO-TV-PREMIUM-ACCOUNTS-FULL-CAP,"11-24-2024, 08:23 PM", Secur3rat
"⭐NEW CRACKED ACCOUNTS! COOKIES AMAZON, GMAIL, IG, LINKEDIN, PSN, TIKTOK AND TWITCH✨",https://breachforums.st/Thread-%E2%AD%90NEW-CRACKED-ACCOUNTS-COOKIES-AMAZON-GMAIL-IG-LINKEDIN-PSN-TIKTOK-AND-TWITCH%E2%9C%A8,"11-24-2024, 09:09 PM", MiguelCracked
x12 PIA VPN ✨]☄️ PRIVATE INTERNET ACCESS PREMIUM,https://breachforums.st/Thread-x12-PIA-VPN-%E2%9C%A8-%E2%98%84%EF%B8%8F-PRIVATE-INTERNET-ACCESS-PREMIUM,"11-25-2024, 05:16 AM", Interstellar
x12 Netflix Premium Full Capture,https://breachforums.st/Thread-x12-Netflix-Premium-Full-Capture,"11-25-2024, 04:27 PM", VRX
x40 Wondershare Premium Full Capture,https://breachforums.st/Thread-x40-Wondershare-Premium-Full-Capture,"11-25-2024, 04:31 PM", VRX
x8 ExpressVPN Premium Full Capture,https://breachforums.st/Thread-x8-ExpressVPN-Premium-Full-Capture,"11-25-2024, 04:36 PM", VRX
x70 Spotify Premium Full Capture,https://breachforums.st/Thread-x70-Spotify-Premium-Full-Capture,"11-25-2024, 09:21 PM", VRX
74 Call Of Duty Mobile Accounts,https://breachforums.st/Thread-74-Call-Of-Duty-Mobile-Accounts,"11-26-2024, 02:28 PM", el_capitan
17x PLESK accounts,https://breachforums.st/Thread-17x-PLESK-accounts,"11-26-2024, 05:22 PM", as3r2sb
collegesaintandre.ac.rw | Admin Access,https://breachforums.st/Thread-collegesaintandre-ac-rw-Admin-Access,"11-26-2024, 06:08 PM", zSenior
X127 SMTPs OFFICE365 CORPS FRESHLY DUMP SMTP PRIVATE HITS UNIQUE,https://breachforums.st/Thread-X127-SMTPs-OFFICE365-CORPS-FRESHLY-DUMP-SMTP-PRIVATE-HITS-UNIQUE,"11-27-2024, 01:06 AM", REDD
X75 SMTPs OFFICE365 CORPS⚡FRESHLY DUMP ⭐ SMTP PRIVATE100% ⭐ UNIQUE,https://breachforums.st/Thread-X75-SMTPs-OFFICE365-CORPS%E2%9A%A1FRESHLY-DUMP-%E2%AD%90-SMTP-PRIVATE100-%E2%AD%90-UNIQUE,"11-27-2024, 01:37 AM", REDD
18X VyprVPN Premium 1-Month,https://breachforums.st/Thread-18X-VyprVPN-Premium-1-Month,"11-27-2024, 02:15 AM", Interstellar
BINANCE ACCOUNTS LOGS,https://breachforums.st/Thread-BINANCE-ACCOUNTS-LOGS,"11-27-2024, 05:31 AM", VRX
PORNHUB PREMIUM & XNXX GOLD ACCOUNTS,https://breachforums.st/Thread-PORNHUB-PREMIUM-XNXX-GOLD-ACCOUNTS--150191,"11-27-2024, 05:33 AM", VRX
HBOMAX & DISNEY+ ACCOUNTS,https://breachforums.st/Thread-HBOMAX-DISNEY-ACCOUNTS,"11-27-2024, 05:40 AM", VRX
TRADINGVIEW PREMIUM ACCOUNTS,https://breachforums.st/Thread-TRADINGVIEW-PREMIUM-ACCOUNTS,"11-27-2024, 05:51 AM", VRX
x9 NordVPN Premuim Accounts With Expiry Date,https://breachforums.st/Thread-x9-NordVPN-Premuim-Accounts-With-Expiry-Date,"11-27-2024, 01:20 PM", Megatron
33 Minecraft Premium Accounts,https://breachforums.st/Thread-33-Minecraft-Premium-Accounts,"11-27-2024, 02:33 PM", el_capitan
Steams Accounts With Games | Working,https://breachforums.st/Thread-Steams-Accounts-With-Games-Working,"11-27-2024, 02:37 PM", el_capitan
"Cashapp Account , ID , USA BANK Accounts",https://breachforums.st/Thread-Cashapp-Account-ID-USA-BANK-Accounts,"11-27-2024, 04:19 PM", Noobie556546
MICROSOFT ACCOUNT WITH CC/BALANCE/POINTS [FULL CAPTURE],https://breachforums.st/Thread-MICROSOFT-ACCOUNT-WITH-CC-BALANCE-POINTS-FULL-CAPTURE,"11-27-2024, 06:07 PM", VRX
17.158.85 ANTI-DUPLICATE WORDPRESS LINE,https://breachforums.st/Thread-17-158-85-ANTI-DUPLICATE-WORDPRESS-LINE,"11-27-2024, 06:13 PM", D49D3K
x80 EXPRESS VPN Premium Accounts With Full Capture,https://breachforums.st/Thread-x80-EXPRESS-VPN-Premium-Accounts-With-Full-Capture,"11-28-2024, 12:06 PM", Megatron
x60 DISNEY Plus Premium Accounts With Full Capture,https://breachforums.st/Thread-x60-DISNEY-Plus-Premium-Accounts-With-Full-Capture,"11-28-2024, 12:17 PM", Megatron
70 SMTP,https://breachforums.st/Thread-70-SMTP,"11-28-2024, 01:23 PM", Ater
Steam Full Capture Fresh,https://breachforums.st/Thread-Steam-Full-Capture-Fresh,"11-28-2024, 01:43 PM", Secur3rat
140 Steam Accounts With Games,https://breachforums.st/Thread-140-Steam-Accounts-With-Games,"11-28-2024, 03:29 PM", el_capitan
240 Spotify Accounts With Cookies,https://breachforums.st/Thread-240-Spotify-Accounts-With-Cookies,"11-28-2024, 03:31 PM", el_capitan
"⭐NEW CRACKED ACCOUNTS! COOKIES AMAZON, EBAY, GMAIL, IG, LINKEDIN, TIKTOK AND TWITCH ✨",https://breachforums.st/Thread-%E2%AD%90NEW-CRACKED-ACCOUNTS-COOKIES-AMAZON-EBAY-GMAIL-IG-LINKEDIN-TIKTOK-AND-TWITCH-%E2%9C%A8,"11-28-2024, 09:34 PM", MiguelCracked
"Cashapp Account , ID , USA BANK Accounts",https://breachforums.st/Thread-Cashapp-Account-ID-USA-BANK-Accounts--150502,"11-28-2024, 11:12 PM", Noobie556546
X15 Pure-VPN,https://breachforums.st/Thread-X15-Pure-VPN,"11-29-2024, 02:51 AM", Interstellar
X15 Pure-VPN,https://breachforums.st/Thread-X15-Pure-VPN--150529,"11-29-2024, 03:58 AM", Interstellar
Binance.Com Login İnformation,https://breachforums.st/Thread-Binance-Com-Login-%C4%B0nformation,"11-29-2024, 07:21 AM", Ragnarrr
X50 DISNEY+ PREMIUM ACCOUNTS [NEW] FULL CAPTURE,https://breachforums.st/Thread-X50-DISNEY-PREMIUM-ACCOUNTS-NEW-FULL-CAPTURE,"11-29-2024, 02:50 PM", bamaker
5K WESTERN UNION LOGIN;PASS FRESH HITS [FREE $$$],https://breachforums.st/Thread-5K-WESTERN-UNION-LOGIN-PASS-FRESH-HITS-FREE,"11-29-2024, 03:33 PM", GlitchPool
test post,https://breachforums.st/Thread-test-post--150624,"11-29-2024, 08:22 PM", 744alone
lots of cpanel accounts,https://breachforums.st/Thread-lots-of-cpanel-accounts,"11-30-2024, 01:44 AM", savage24
x510 SPOTIFY PREMIUM ACCOUNTS [FULL CAPTURE],https://breachforums.st/Thread-x510-SPOTIFY-PREMIUM-ACCOUNTS-FULL-CAPTURE,"11-30-2024, 08:37 AM", VRX
x12 ExpressVPN Premium Accounts,https://breachforums.st/Thread-x12-ExpressVPN-Premium-Accounts,"11-30-2024, 08:41 AM", VRX
x52 Netflix Premium Accounts Full Capture,https://breachforums.st/Thread-x52-Netflix-Premium-Accounts-Full-Capture,"11-30-2024, 08:47 AM", VRX
Tunnel Bear VPN Premium Hits,https://breachforums.st/Thread-Tunnel-Bear-VPN-Premium-Hits,"11-30-2024, 01:24 PM", el_capitan
100 Steam Accounts With Games,https://breachforums.st/Thread-100-Steam-Accounts-With-Games--150719,"11-30-2024, 01:26 PM", el_capitan
freepik.es Users Access,https://breachforums.st/Thread-freepik-es-Users-Access,"11-30-2024, 03:09 PM", Madison01
rpts.jfhp.org User Access,https://breachforums.st/Thread-rpts-jfhp-org-User-Access,"11-30-2024, 03:48 PM", Madison01
Zap hoisting databases access,https://breachforums.st/Thread-Zap-hoisting-databases-access,"11-30-2024, 06:33 PM", Madison01
100+ Crunchy roll with subscription,https://breachforums.st/Thread-100-Crunchy-roll-with-subscription,"12-01-2024, 05:36 AM", niggasinparris
x215K ROBLOX ACCOUNTS LOGS,https://breachforums.st/Thread-x215K-ROBLOX-ACCOUNTS-LOGS,"12-01-2024, 05:38 AM", VRX
x138 PornHub Premium & x118 Xnxx Gold Accounts,https://breachforums.st/Thread-x138-PornHub-Premium-x118-Xnxx-Gold-Accounts,"12-01-2024, 11:35 AM", VRX
x55 Crunchyroll Premium Accounts With Full Capture,https://breachforums.st/Thread-x55-Crunchyroll-Premium-Accounts-With-Full-Capture,"12-01-2024, 12:15 PM", Megatron
105 SMTP (No check),https://breachforums.st/Thread-105-SMTP-No-check,"12-01-2024, 01:46 PM", Ater
FREE SPOTIFY PREMIUM + MODDED SPOTIFY TO YOUR LIKING,https://breachforums.st/Thread-FREE-SPOTIFY-PREMIUM-MODDED-SPOTIFY-TO-YOUR-LIKING,"12-01-2024, 04:09 PM", keuterje
12X EXPRESS VPN PREMIUM ACCOUNTS WITH OVPN+PPTP,https://breachforums.st/Thread-12X-EXPRESS-VPN-PREMIUM-ACCOUNTS-WITH-OVPN-PPTP,"12-02-2024, 04:19 AM", Interstellar
Hellow,https://breachforums.st/Thread-Hellow--151036,"12-02-2024, 11:21 AM", k4pxdd
x10 NordVPN Premium Accounts With Expiry Date,https://breachforums.st/Thread-x10-NordVPN-Premium-Accounts-With-Expiry-Date,"12-02-2024, 01:10 PM", Megatron
x100 CAPCUT Pro Accounts All Working,https://breachforums.st/Thread-x100-CAPCUT-Pro-Accounts-All-Working,"12-02-2024, 01:39 PM", Megatron
x50 Spotify Premium Accounts [FC],https://breachforums.st/Thread-x50-Spotify-Premium-Accounts-FC,"12-02-2024, 01:48 PM", Godelaww
x12 Disney+ & x10 Netflix Premium Accounts [FC],https://breachforums.st/Thread-x12-Disney-x10-Netflix-Premium-Accounts-FC,"12-02-2024, 01:51 PM", Godelaww
x2308 SHODAN FREE MEMBERSHIP ACCOUNTS & API KEYS HITS,https://breachforums.st/Thread-x2308-SHODAN-FREE-MEMBERSHIP-ACCOUNTS-API-KEYS-HITS,"12-02-2024, 11:13 PM", gwap
100+ NORD VPN Premium Accounts,https://breachforums.st/Thread-100-NORD-VPN-Premium-Accounts,12-03-2024, el_capitan
10 DISNEY+ Premium Accounts With Full Cap,https://breachforums.st/Thread-10-DISNEY-Premium-Accounts-With-Full-Cap--151224,12-03-2024, el_capitan
"Credentials, Cyber Essentials: ExpressVPN Newly Security Verified x50",https://breachforums.st/Thread-Credentials-Cyber-Essentials-ExpressVPN-Newly-Security-Verified-x50,12-03-2024, sistonka69
Entries 300/800$ Balance x22 Paypal Freedom: Financial,https://breachforums.st/Thread-Entries-300-800-Balance-x22-Paypal-Freedom-Financial,12-03-2024, sistonka69
(Ad-Free) TV Live + Supreme Hulu Streaming: Unlimited,https://breachforums.st/Thread-Ad-Free-TV-Live-Supreme-Hulu-Streaming-Unlimited,12-03-2024, sistonka69
"Access Full Accounts, Master Minecraft x25 Minecraft: Explore",https://breachforums.st/Thread-Access-Full-Accounts-Master-Minecraft-x25-Minecraft-Explore,12-03-2024, sistonka69
"Ads No Entries, Deluxe Spotify x20 Bliss: Melodic",https://breachforums.st/Thread-Ads-No-Entries-Deluxe-Spotify-x20-Bliss-Melodic,12-03-2024, sistonka69
"UHD) 4K Screens, (4 Premium Disney+ Account: Disney+ into Dive",https://breachforums.st/Thread-UHD-4K-Screens-4-Premium-Disney-Account-Disney-into-Dive,12-03-2024, sistonka69
Yahoo Mail Access x1000 HOT !,https://breachforums.st/Thread-Yahoo-Mail-Access-x1000-HOT,12-03-2024, sistonka69
found some accounts,https://breachforums.st/Thread-found-some-accounts,12-03-2024, COmmunistproduct
Amazon Prime Video Accounts Premium (4K UHD),https://breachforums.st/Thread-Amazon-Prime-Video-Accounts-Premium-4K-UHD,12-03-2024, sistonka69
"x100 Dropbox Plus Entries, FREE Storage",https://breachforums.st/Thread-x100-Dropbox-Plus-Entries-FREE-Storage,12-03-2024, sistonka69
Unleash Your Creativity Accounts: Spotify Deluxe Entries !,https://breachforums.st/Thread-Unleash-Your-Creativity-Accounts-Spotify-Deluxe-Entries,12-03-2024, sistonka69
12 Crunchyroll Premium [FC],https://breachforums.st/Thread-12-Crunchyroll-Premium-FC,12-03-2024, VRX
x51 Bank of America Customer Login Accounts,https://breachforums.st/Thread-x51-Bank-of-America-Customer-Login-Accounts,12-03-2024, Godelaww
x1172 Instagram Accounts,https://breachforums.st/Thread-x1172-Instagram-Accounts,12-03-2024, Godelaww
x56 OnlyFans Accounts with Balance/Collection,https://breachforums.st/Thread-x56-OnlyFans-Accounts-with-Balance-Collection,12-03-2024, Godelaww
75K Twitter.com Accounts with Followers,https://breachforums.st/Thread-75K-Twitter-com-Accounts-with-Followers,12-03-2024, VRX
415K Facebook Accounts with Linked Games/App,https://breachforums.st/Thread-415K-Facebook-Accounts-with-Linked-Games-App,12-03-2024, VRX
x32 CHATGPT PLUS ACCOUNTS,https://breachforums.st/Thread-x32-CHATGPT-PLUS-ACCOUNTS,12-03-2024, karumbe
9X EXPRESSVPN MOBILE ACCOUNT,https://breachforums.st/Thread-9X-EXPRESSVPN-MOBILE-ACCOUNT,12-04-2024, Interstellar
x309 Steam Account with Games [FC],https://breachforums.st/Thread-x309-Steam-Account-with-Games-FC,"12-04-2024, 09:44 AM", VRX
"X21 VULNERABLE Zabbix Account [Domain, Username, Password, Session] with EXPLOIT CODE",https://breachforums.st/Thread-X21-VULNERABLE-Zabbix-Account-Domain-Username-Password-Session-with-EXPLOIT-CODE,"12-04-2024, 11:03 AM", tcpfuck
[1.677.652] ⭐️Good UHQ Mixed Country Combolist⭐️,https://breachforums.st/Thread-1-677-652-%E2%AD%90%EF%B8%8FGood-UHQ-Mixed-Country-Combolist%E2%AD%90%EF%B8%8F,"12-04-2024, 01:56 PM", sistonka69
forums.risengame.com (5.2 million),https://breachforums.st/Thread-REQUEST-forums-risengame-com-5-2-million,"11-18-2024, 05:21 PM", anonmoose
Badan Restorasi - data verification request [200 CREDITS REWARD],https://breachforums.st/Thread-REQUEST-Badan-Restorasi-data-verification-request-200-CREDITS-REWARD,"11-19-2024, 02:01 PM", Addka72424
Finastra Leak,https://breachforums.st/Thread-Finastra-Leak,"11-20-2024, 12:41 AM", whyamihere123
AUCHAN.FR & FREE.FR,https://breachforums.st/Thread-REQUEST-AUCHAN-FR-FREE-FR,"11-20-2024, 01:40 AM", recursive42
allaboutsymbian.com 220k user [100 CREDITS REWARD] [FOUND],https://breachforums.st/Thread-allaboutsymbian-com-220k-user-100-CREDITS-REWARD-FOUND,"11-20-2024, 06:52 AM", Addka72424
2021 myrepubilc data in Singapore,https://breachforums.st/Thread-REQUEST-2021-myrepubilc-data-in-Singapore,"11-20-2024, 10:08 AM", coolworker378
DATASUS 185M + DETRAN 104M data verification request [500 CREDITS REWARD] [CLOSED],https://breachforums.st/Thread-DATASUS-185M-DETRAN-104M-data-verification-request-500-CREDITS-REWARD-CLOSED,"11-20-2024, 01:11 PM", Addka72424
How can I start dumping databases/learn to?,https://breachforums.st/Thread-REQUEST-How-can-I-start-dumping-databases-learn-to,"11-20-2024, 06:38 PM", tacktack
"Hello, how can i get a Turkey E-Okul Pic DAtabase leak?",https://breachforums.st/Thread-REQUEST-Hello-how-can-i-get-a-Turkey-E-Okul-Pic-DAtabase-leak,"11-21-2024, 08:02 AM", dertlibkr
Request for Db: BASHUNHARA (Bangladesh) industrial company customer base 2024.,https://breachforums.st/Thread-REQUEST-Request-for-Db-BASHUNHARA-Bangladesh-industrial-company-customer-base-2024,"11-21-2024, 09:23 AM", KhanMahammad
Btcnext.io [200 CREDITS REWARD],https://breachforums.st/Thread-REQUEST-Btcnext-io-200-CREDITS-REWARD,"11-22-2024, 12:28 AM", whiteroad
Seeking Uraine Citizenship Database of 53M,https://breachforums.st/Thread-Seeking-Uraine-Citizenship-Database-of-53M,"11-22-2024, 05:12 PM", metzelplix
Seeking Private Databases - Big Budget,https://breachforums.st/Thread-Seeking-Private-Databases-Big-Budget,"11-23-2024, 01:48 AM", hexagon3290
Banque de France,https://breachforums.st/Thread-Banque-de-France,"11-23-2024, 10:34 AM", sabdot
Hot Topic accounts,https://breachforums.st/Thread-REQUEST-Hot-Topic-accounts,"11-23-2024, 11:22 AM", leahpayneq4yi
can any one give me anti public databse link?,https://breachforums.st/Thread-REQUEST-can-any-one-give-me-anti-public-databse-link,"11-23-2024, 12:49 PM", ozark0077
Database of US Attorneys,https://breachforums.st/Thread-Database-of-US-Attorneys,"11-23-2024, 08:19 PM", johngault99
SQL Injection in Haifa University Website (israeli university),https://breachforums.st/Thread-SQL-Injection-in-Haifa-University-Website-israeli-university,"11-23-2024, 09:05 PM", Hxp7
[Full] Linkedin Data 2023 35M,https://breachforums.st/Thread-REQUEST-Full-Linkedin-Data-2023-35M,"11-25-2024, 01:20 PM", admmonero
NITF file archive request,https://breachforums.st/Thread-NITF-file-archive-request,"11-25-2024, 04:02 PM", metzelplix
Gaming related databreaches,https://breachforums.st/Thread-Gaming-related-databreaches,"11-25-2024, 05:59 PM", KyoWhyTho
Facebook 827 Million full DB,https://breachforums.st/Thread-REQUEST-Facebook-827-Million-full-DB,"11-26-2024, 08:19 AM", dachas
Hustler's Univeristy Breach Data,https://breachforums.st/Thread-Hustler-s-Univeristy-Breach-Data,"11-26-2024, 09:05 PM", darksnow54
"Looking for shopping in Vietnam, get fresh products every day, don’t bother with scam",https://breachforums.st/Thread-Looking-for-shopping-in-Vietnam-get-fresh-products-every-day-don%E2%80%99t-bother-with-scam,"11-28-2024, 08:53 AM", zhuce2015
Hootsuite (https://www.hootsuite.com/),https://breachforums.st/Thread-REQUEST-Hootsuite-https-www-hootsuite-com,"11-28-2024, 09:34 AM", zamasu
Luxembourg data looking,https://breachforums.st/Thread-Luxembourg-data-looking,"11-28-2024, 03:21 PM", Madness44
Caller ID Data For Turkey,https://breachforums.st/Thread-REQUEST-Caller-ID-Data-For-Turkey,"11-28-2024, 03:51 PM", breach4420
"Anyone have ""Freedom Convoy donation site"" ?",https://breachforums.st/Thread-Anyone-have-Freedom-Convoy-donation-site,"11-29-2024, 02:32 PM", OriginalCrazyOldFart
[1000 credits] Straffic Database,https://breachforums.st/Thread-REQUEST-1000-credits-Straffic-Database,"11-29-2024, 07:38 PM", grep
Where was trezor2024_orders posted?,https://breachforums.st/Thread-Where-was-trezor2024-orders-posted,"11-30-2024, 02:44 AM", gangster
Tosan Databases,https://breachforums.st/Thread-Tosan-Databases,"12-01-2024, 11:23 AM", testmis639
I need cutout pro dataleak,https://breachforums.st/Thread-I-need-cutout-pro-dataleak,"12-01-2024, 12:07 PM", violettyyyy
search for spain citizens,https://breachforums.st/Thread-REQUEST-search-for-spain-citizens,"12-02-2024, 04:49 PM", OneTouchUI
where is National PUBLICDB,https://breachforums.st/Thread-where-is-National-PUBLICDB,12-04-2024, lag
Uzbek logistics company Fargo.uz.,https://breachforums.st/Thread-Uzbek-logistics-company-Fargo-uz--151372,"12-04-2024, 07:07 AM", Shipach2281488
How to use BreachForums escrow [GUIDE],https://breachforums.st/Thread-How-to-use-BreachForums-escrow-GUIDE,"12-04-2024, 09:22 AM", Addka72424
FUNKSEC | leaks in our website,https://breachforums.st/Thread-FUNKSEC-leaks-in-our-website,"12-04-2024, 10:20 AM", el_farado
Uruguay facultad de ciencias agrarias universidad de la empresa DB,https://breachforums.st/Thread-Uruguay-facultad-de-ciencias-agrarias-universidad-de-la-empresa-DB,"11-25-2024, 05:16 PM", ExPresidents
"miyako full dox - Leaked, Download!",https://breachforums.st/Thread-miyako-full-dox-Leaked-Download,"11-25-2024, 08:03 PM", miyako
"23,639,567.USA.TX.statedata.2021 breach",https://breachforums.st/Thread-23-639-567-USA-TX-statedata-2021-breach,"11-26-2024, 12:31 AM", juskme
[ARGENTINA] antecedentes.chaco.gov.ar,https://breachforums.st/Thread-ARGENTINA-antecedentes-chaco-gov-ar,"11-26-2024, 03:37 AM", PastelGhost
[ARGENTINA] cfj.gov.ar (30K Users),https://breachforums.st/Thread-ARGENTINA-cfj-gov-ar-30K-Users,"11-26-2024, 04:05 AM", PastelGhost
Old Chinese breach compilation I found,https://breachforums.st/Thread-Old-Chinese-breach-compilation-I-found,"11-26-2024, 07:28 AM", s1d0w
loyaltyliquidity.com Crypto Scam Website +12K With Docs FREE,https://breachforums.st/Thread-loyaltyliquidity-com-Crypto-Scam-Website-12K-With-Docs-FREE,"11-26-2024, 09:33 AM", Sosyopat
(Access) La Rencontre Radio ftp access leaked,https://breachforums.st/Thread-Access-La-Rencontre-Radio-ftp-access-leaked,"11-26-2024, 10:39 AM", Desertstorm
LIST OF LARAVEL LIVEWIRE WEBSITES PURCHASED FROM BUILTWITH,https://breachforums.st/Thread-LIST-OF-LARAVEL-LIVEWIRE-WEBSITES-PURCHASED-FROM-BUILTWITH,"11-26-2024, 11:40 AM", m0rpheus
"Brazilian ID's, CC's & more",https://breachforums.st/Thread-DOCUMENTS-Brazilian-ID-s-CC-s-more,"11-26-2024, 12:17 PM", bobetinho99
Indonesian police leaks data,https://breachforums.st/Thread-Indonesian-police-leaks-data,"11-26-2024, 01:01 PM", NAVINN24
19k SINGAPORE DATA,https://breachforums.st/Thread-19k-SINGAPORE-DATA,"11-26-2024, 01:26 PM", Moon_WALK
540k INDIA SHOPPING DATA,https://breachforums.st/Thread-540k-INDIA-SHOPPING-DATA,"11-26-2024, 01:43 PM", Moon_WALK
52k France Email Data With Address,https://breachforums.st/Thread-52k-France-Email-Data-With-Address,"11-26-2024, 01:49 PM", Moon_WALK
INDONESIA person,https://breachforums.st/Thread-INDONESIA-person,"11-26-2024, 01:55 PM", Moon_WALK
Internal Management System of the Maroun Chedid Website,https://breachforums.st/Thread-Internal-Management-System-of-the-Maroun-Chedid-Website,"11-26-2024, 02:46 PM", sentap
Uruguay | Frente Amplio Base de datos,https://breachforums.st/Thread-Uruguay-Frente-Amplio-Base-de-datos,"11-26-2024, 11:26 PM", uruguayo1337
(2024) 5 TB of customer data from WIN company,https://breachforums.st/Thread-COLLECTION-2024-5-TB-of-customer-data-from-WIN-company,"11-27-2024, 07:35 AM", ABZeroCool
spokanevalleyent.com | medical clinic 498gb docs 2024 leak,https://breachforums.st/Thread-DOCUMENTS-spokanevalleyent-com-medical-clinic-498gb-docs-2024-leak,"11-27-2024, 08:26 AM", mapateam
FoodTango Restaurant Online Food Ordering Platform (India),https://breachforums.st/Thread-FoodTango-Restaurant-Online-Food-Ordering-Platform-India,"11-27-2024, 08:35 AM", sentap
"Liberty Latin America Private GitHub Repositories - Leaked, Download!",https://breachforums.st/Thread-SOURCE-CODE-Liberty-Latin-America-Private-GitHub-Repositories-Leaked-Download,"11-27-2024, 09:03 AM", GHNA
"[Giveaway]  92,906 beachguide.com  USA users [email sorted].",https://breachforums.st/Thread-Giveaway-%C2%A092-906-beachguide-com-%C2%A0USA-users-email-sorted,"11-27-2024, 02:28 PM", RonyKingSourcingINC
Leads university lahore Pakistan all students data,https://breachforums.st/Thread-COLLECTION-Leads-university-lahore-Pakistan-all-students-data,"11-27-2024, 06:22 PM", eighty8edits
American Associated Pharmacies LEAK,https://breachforums.st/Thread-American-Associated-Pharmacies-LEAK,"11-27-2024, 06:32 PM", DISPOSSESSOR
"Scraped collection of centrals, telegram bot's, checkers, etc, etc [3.12gb]",https://breachforums.st/Thread-Scraped-collection-of-centrals-telegram-bot-s-checkers-etc-etc-3-12gb,"11-27-2024, 09:19 PM", bobetinho99
admin.ekremabi846.com Leaked,https://breachforums.st/Thread-admin-ekremabi846-com-Leaked,"11-27-2024, 09:28 PM", Null3r
200 passport uk kingdom italya india free,https://breachforums.st/Thread-200-passport-uk-kingdom-italya-india-free,"11-28-2024, 04:46 AM", moneyline2
Peruvian University USAT,https://breachforums.st/Thread-Peruvian-University-USAT,"11-28-2024, 05:02 AM", BorschT6
Pakistan Public Complaint Management Dashboard Overview,https://breachforums.st/Thread-Pakistan-Public-Complaint-Management-Dashboard-Overview,"11-28-2024, 01:53 PM", sentap
USA 50+ Age Targeted Collection,https://breachforums.st/Thread-COLLECTION-USA-50-Age-Targeted-Collection,"11-28-2024, 06:39 PM", Hizer
TZPAY 30K ID's Passport Selfie etc.,https://breachforums.st/Thread-DOCUMENTS-TZPAY-30K-ID-s-Passport-Selfie-etc,"11-28-2024, 08:23 PM", Sosyopat
Cpanel Collection,https://breachforums.st/Thread-COLLECTION-Cpanel-Collection,"11-29-2024, 04:05 AM", Secur3rat
"SQLi in the database transparencia.campinas.sp.gov.br of Campinas city, Brazil",https://breachforums.st/Thread-SQLi-in-the-database-transparencia-campinas-sp-gov-br-of-Campinas-city-Brazil,"11-29-2024, 05:01 AM", Pacxxx
Data Breach at Naptha Petro napthapetro.in,https://breachforums.st/Thread-DOCUMENTS-Data-Breach-at-Naptha-Petro-napthapetro-in,"11-29-2024, 06:13 AM", Counter
Korea passport 2x free,https://breachforums.st/Thread-DOCUMENTS-Korea-passport-2x-free,"11-29-2024, 04:23 PM", Southkorean
5k US Date 2019,https://breachforums.st/Thread-COLLECTION-5k-US-Date-2019,"11-29-2024, 10:12 PM", termit
Lil Uzi Vert - Wondergirl Better Find Closure,https://breachforums.st/Thread-Lil-Uzi-Vert-Wondergirl-Better-Find-Closure,"11-30-2024, 12:03 PM", Artifact
Em Group,https://breachforums.st/Thread-COLLECTION-Em-Group,"11-30-2024, 05:59 PM", X0Frankenstein
CARLETON UNIVERSITY CANADA ALL STUDENFS EMAIL LIST 150K,https://breachforums.st/Thread-CARLETON-UNIVERSITY-CANADA-ALL-STUDENFS-EMAIL-LIST-150K,"11-30-2024, 07:29 PM", nelson12000
NAME :EMAIL: PHONE 100K~ CSV,https://breachforums.st/Thread-COLLECTION-NAME-EMAIL-PHONE-100K-CSV,"12-01-2024, 08:15 AM", el_farado
Dhaka(Bangladesh) Army Cantonment Database,https://breachforums.st/Thread-Dhaka-Bangladesh-Army-Cantonment-Database,"12-01-2024, 02:30 PM", Sosyopat
[BRASIL] ertcycle.com.br DATABASE (CC details included),https://breachforums.st/Thread-BRASIL-ertcycle-com-br-DATABASE-CC-details-included,"12-01-2024, 06:59 PM", m0rpheus
USMC Data Breach,https://breachforums.st/Thread-USMC-Data-Breach,"12-01-2024, 08:51 PM", natohub
[LEAK] ACCESS Admin pannels,https://breachforums.st/Thread-LEAK-ACCESS-Admin-pannels--150973,"12-02-2024, 12:30 AM", AnonBF
(2024) WIN Circuits Leak - IP addresses and credentials,https://breachforums.st/Thread-DOCUMENTS-2024-WIN-Circuits-Leak-IP-addresses-and-credentials,"12-02-2024, 02:02 AM", ABZeroCool
20GB MIX FREE DOCUMENT,https://breachforums.st/Thread-DOCUMENTS-20GB-MIX-FREE-DOCUMENT,"12-02-2024, 02:19 AM", DocLite
PAKISTAN NATIONAL ID & DOCUMENTS,https://breachforums.st/Thread-COLLECTION-PAKISTAN-NATIONAL-ID-DOCUMENTS,"12-02-2024, 04:29 AM", adelardsyah
1K Brasil Full Info (Name-CPF-TEL-ADDRESS),https://breachforums.st/Thread-COLLECTION-1K-Brasil-Full-Info-Name-CPF-TEL-ADDRESS,"12-02-2024, 01:03 PM", Sosyopat
FREE 37 pcs USA DL+SSN,https://breachforums.st/Thread-DOCUMENTS-FREE-37-pcs-USA-DL-SSN,"12-02-2024, 03:03 PM", ppshopping
[FREE LEAK] 2 RANDOM CHINESE DUMP,https://breachforums.st/Thread-FREE-LEAK-2-RANDOM-CHINESE-DUMP,"12-02-2024, 10:47 PM", gwap
Network of Websites of Sport-Unity LLC,https://breachforums.st/Thread-COLLECTION-Network-of-Websites-of-Sport-Unity-LLC,12-03-2024, X0Frankenstein
APIs Argentina Citizens data,https://breachforums.st/Thread-COLLECTION-APIs-Argentina-Citizens-data,12-03-2024, cheto
pixostudio.com subscribers,https://breachforums.st/Thread-pixostudio-com-subscribers,12-03-2024, JOSHUAGENT
"Thai Armed Forces Headquarters Leaked, Download !",https://breachforums.st/Thread-DOCUMENTS-Thai-Armed-Forces-Headquarters-Leaked-Download,12-03-2024, saltedegg
edenvillagecamp.org customers,https://breachforums.st/Thread-edenvillagecamp-org-customers,12-03-2024, JOSHUAGENT
lakeshoresf.com customers,https://breachforums.st/Thread-lakeshoresf-com-customers,12-03-2024, JOSHUAGENT
67 GB of confidential Israeli military documents,https://breachforums.st/Thread-67-GB-of-confidential-Israeli-military-documents,"12-04-2024, 12:46 PM", NetHunt33r
Selfie videos of head spins and head turns 130x,https://breachforums.st/Thread-Selfie-videos-of-head-spins-and-head-turns-130x,"12-04-2024, 01:42 PM", DocLite
Where can I find z-library data leak?,https://breachforums.st/Thread-Where-can-I-find-z-library-data-leak,"12-04-2024, 06:06 PM", pipiiin
[LEAK POLICE] Detective's Manual,https://breachforums.st/Thread-DOCUMENTS-LEAK-POLICE-Detective-s-Manual,"12-04-2024, 06:34 PM", Jinksy
Car Cundinamarca Colombia Data Breach (Corporacion Autonoma Regional De Cundinamarca,https://breachforums.st/Thread-Car-Cundinamarca-Colombia-Data-Breach-Corporacion-Autonoma-Regional-De-Cundinamarca,"11-29-2024, 01:27 AM", CtrlAltDelete
Grace Digital Database | Download,https://breachforums.st/Thread-DATABASE-Grace-Digital-Database-Download,"11-29-2024, 11:48 AM", Zixshore
ParknWash Kuwait,https://breachforums.st/Thread-ParknWash-Kuwait,"11-29-2024, 04:31 PM", digital_shadow
DANA PENSIUN BPK PENABUR - Leak,https://breachforums.st/Thread-DATABASE-DANA-PENSIUN-BPK-PENABUR-Leak,"11-29-2024, 07:44 PM", KryptonSec_My
PUBG 2023 INDIA DATABASE CLEANED.,https://breachforums.st/Thread-DATABASE-PUBG-2023-INDIA-DATABASE-CLEANED,"11-29-2024, 08:38 PM", dkwhoiam
opencart.pk Database Leak,https://breachforums.st/Thread-DATABASE-opencart-pk-Database-Leak,"11-30-2024, 12:24 AM", Teknesyum
trollcraft.pl database,https://breachforums.st/Thread-DATABASE-trollcraft-pl-database,"11-30-2024, 01:27 AM", DeadlyQueen
"Closelly Data Breach - Leaked, Download!",https://breachforums.st/Thread-COLLECTION-Closelly-Data-Breach-Leaked-Download--150691,"11-30-2024, 11:15 AM",888
certifiedinfosec.com databases leak,https://breachforums.st/Thread-DATABASE-certifiedinfosec-com-databases-leak,"11-30-2024, 01:21 PM", mgathm
"""Automobile Portal"" driff.ru",https://breachforums.st/Thread-DATABASE-Automobile-Portal-driff-ru,"11-30-2024, 05:53 PM", X0Frankenstein
"Entrena Virtual Data Breach - Leaked, Download!",https://breachforums.st/Thread-DATABASE-Entrena-Virtual-Data-Breach-Leaked-Download--150796,"11-30-2024, 09:05 PM",888
Sellauth.com Data Breach,https://breachforums.st/Thread-DATABASE-Sellauth-com-Data-Breach,"12-01-2024, 06:31 AM", niggasinparris
Hess International Educational Group leak | Download,https://breachforums.st/Thread-DATABASE-Hess-International-Educational-Group-leak-Download,"12-01-2024, 08:39 AM", el_farado
"SeaJob Database - Leaked, Download!",https://breachforums.st/Thread-DATABASE-SeaJob-Database-Leaked-Download,"12-01-2024, 12:01 PM", Rey
funcionpublica.gov.co - Leaked,https://breachforums.st/Thread-DATABASE-funcionpublica-gov-co-Leaked,"12-01-2024, 12:42 PM", Jayze
xui.one Leak | Download,https://breachforums.st/Thread-DATABASE-xui-one-Leak-Download,"12-01-2024, 04:29 PM", el_farado
ENJOY WECHAT ELASTICSERVER,https://breachforums.st/Thread-ENJOY-WECHAT-ELASTICSERVER,"12-01-2024, 06:25 PM", Moon_WALK
"""themoscowcity.com"" Russian Real Estate Company DB LEAK",https://breachforums.st/Thread-DATABASE-themoscowcity-com-Russian-Real-Estate-Company-DB-LEAK,"12-01-2024, 08:32 PM", RussianCitizen
molhamteam.com DB - humanitarian org raised 70M+ USD,https://breachforums.st/Thread-DATABASE-molhamteam-com-DB-humanitarian-org-raised-70M-USD,"12-01-2024, 11:46 PM", molham
"""Russian engineering software Nanosoft"" nanocad.ru",https://breachforums.st/Thread-DATABASE-Russian-engineering-software-Nanosoft-nanocad-ru,"12-02-2024, 12:31 AM", X0Frankenstein
"eazydiner.com -Leaked, Download",https://breachforums.st/Thread-eazydiner-com-Leaked-Download,"12-02-2024, 02:14 AM", Hoover
"mpps.gob.ve - Leaked, Download",https://breachforums.st/Thread-mpps-gob-ve-Leaked-Download,"12-02-2024, 02:38 AM", Hoover
Documentation of Sensitive Document and Metadata Exposure,https://breachforums.st/Thread-Documentation-of-Sensitive-Document-and-Metadata-Exposure,"12-02-2024, 04:22 AM", gatussja
"audible.com EmployeeDirectory - DataRows 3,790",https://breachforums.st/Thread-DATABASE-audible-com-EmployeeDirectory-DataRows-3-790,"12-02-2024, 05:26 AM", Nam3L3ss
"bankofamerica.com EmployeeDirectory - DataRows 288,296",https://breachforums.st/Thread-DATABASE-bankofamerica-com-EmployeeDirectory-DataRows-288-296,"12-02-2024, 05:54 AM", Nam3L3ss
"b-f.com - Brown Forman - EmployeeDirectory - DataRows 1,302",https://breachforums.st/Thread-DATABASE-b-f-com-Brown-Forman-EmployeeDirectory-DataRows-1-302,"12-02-2024, 06:01 AM", Nam3L3ss
"bwater.com - Bridge Water - EmployeeDirectory - DataRows 2,161",https://breachforums.st/Thread-DATABASE-bwater-com-Bridge-Water-EmployeeDirectory-DataRows-2-161,"12-02-2024, 06:05 AM", Nam3L3ss
"ciena.com - EmployeeDirectory - DataRows 10,820",https://breachforums.st/Thread-DATABASE-ciena-com-EmployeeDirectory-DataRows-10-820,"12-02-2024, 06:07 AM", Nam3L3ss
"cm3.com.au - EmployeeDirectory - DataRows 6,153",https://breachforums.st/Thread-DATABASE-cm3-com-au-EmployeeDirectory-DataRows-6-153,"12-02-2024, 06:09 AM", Nam3L3ss
"cna.com - EmployeeDirectory - DataRows 6,680",https://breachforums.st/Thread-DATABASE-cna-com-EmployeeDirectory-DataRows-6-680,"12-02-2024, 06:27 AM", Nam3L3ss
"kochinc.com - Koch Companies - EmployeeDirectory - DataRows 237,486",https://breachforums.st/Thread-DATABASE-kochinc-com-Koch-Companies-EmployeeDirectory-DataRows-237-486,"12-02-2024, 06:30 AM", Nam3L3ss
"medibank.com.au - EmployeeDirectory - DataRows 5,201",https://breachforums.st/Thread-DATABASE-medibank-com-au-EmployeeDirectory-DataRows-5-201,"12-02-2024, 06:31 AM", Nam3L3ss
"meijer.com - EmployeeDirectory - DataRows 7,422",https://breachforums.st/Thread-DATABASE-meijer-com-EmployeeDirectory-DataRows-7-422,"12-02-2024, 06:34 AM", Nam3L3ss
"morganstanley.com - EmployeeDirectory - DataRows 32,860",https://breachforums.st/Thread-DATABASE-morganstanley-com-EmployeeDirectory-DataRows-32-860,"12-02-2024, 06:36 AM", Nam3L3ss
"nokia.com - EmployeeDirectory - DataRows 94,252",https://breachforums.st/Thread-DATABASE-nokia-com-EmployeeDirectory-DataRows-94-252,"12-02-2024, 06:38 AM", Nam3L3ss
"saic.com - EmployeeDirectory - DataRows 26,917",https://breachforums.st/Thread-DATABASE-saic-com-EmployeeDirectory-DataRows-26-917,"12-02-2024, 06:44 AM", Nam3L3ss
"univision.net - EmployeeDirectory - DataRows 5,954",https://breachforums.st/Thread-DATABASE-univision-net-EmployeeDirectory-DataRows-5-954,"12-02-2024, 06:45 AM", Nam3L3ss
"xerox.com - EmployeeDirectory - DataRows 42,735",https://breachforums.st/Thread-DATABASE-xerox-com-EmployeeDirectory-DataRows-42-735,"12-02-2024, 06:48 AM", Nam3L3ss
"joneslanglasalle.com aka jll.com - Part 1 - DataRows 12,352,524",https://breachforums.st/Thread-COLLECTION-joneslanglasalle-com-aka-jll-com-Part-1-DataRows-12-352-524,"12-02-2024, 07:52 AM", Nam3L3ss
altissia.org customers,https://breachforums.st/Thread-DATABASE-altissia-org-customers,"12-02-2024, 01:46 PM", JOSHUAGENT
USA - Company Database Leak - LenselS2,https://breachforums.st/Thread-DATABASE-USA-Company-Database-Leak-LenselS2,"12-02-2024, 03:21 PM", IIlIlIlIIllIIllII
USA Company Leak - Henderson Stamping & Production,https://breachforums.st/Thread-DATABASE-USA-Company-Leak-Henderson-Stamping-Production,"12-02-2024, 03:24 PM", IIlIlIlIIllIIllII
USA Company Leak: Ivanhoe Club,https://breachforums.st/Thread-DATABASE-USA-Company-Leak-Ivanhoe-Club,"12-02-2024, 03:25 PM", IIlIlIlIIllIIllII
bonpoint.com customers,https://breachforums.st/Thread-DATABASE-bonpoint-com-customers,"12-02-2024, 03:39 PM", JOSHUAGENT
beseem.in India,https://breachforums.st/Thread-DATABASE-beseem-in-India,"12-02-2024, 05:45 PM", r57
"Chaat.fr Database - Leaked, Download!",https://breachforums.st/Thread-DATABASE-Chaat-fr-Database-Leaked-Download,"12-02-2024, 06:14 PM", recursive42
[EXCLUSIVE LEAK] Peruvian Army Military School Database,https://breachforums.st/Thread-EXCLUSIVE-LEAK-Peruvian-Army-Military-School-Database,12-03-2024, JosmellTernita
SEAT S.A. Customer Data Breach seat.com,https://breachforums.st/Thread-DATABASE-SEAT-S-A-Customer-Data-Breach-seat-com,12-03-2024, Counter
albazaar.shop shopping site leak | Download,https://breachforums.st/Thread-DATABASE-albazaar-shop-shopping-site-leak-Download,12-03-2024, el_farado
Council for Scientific and Industrial Research leak | Download,https://breachforums.st/Thread-DATABASE-Council-for-Scientific-and-Industrial-Research-leak-Download,12-03-2024, el_farado
Immobilière Essaouira real estate agency leak | Download,https://breachforums.st/Thread-DATABASE-Immobili%C3%A8re-Essaouira-real-estate-agency-leak-Download,12-03-2024, el_farado
"Crowdera Database - Leaked, Download!",https://breachforums.st/Thread-DATABASE-Crowdera-Database-Leaked-Download,12-03-2024,888
"GoTravel Israel Database - Leaked, Download!",https://breachforums.st/Thread-DATABASE-GoTravel-Israel-Database-Leaked-Download,12-03-2024, Rey
"Pardes Institute Israel Database - Leaked, Download!",https://breachforums.st/Thread-DATABASE-Pardes-Institute-Israel-Database-Leaked-Download,12-03-2024, Rey
"Databases of onetap, raidforums, teesense, and more!",https://breachforums.st/Thread-DATABASE-Databases-of-onetap-raidforums-teesense-and-more,12-03-2024, caityballison
lazarusgroup.com full database,https://breachforums.st/Thread-DATABASE-lazarusgroup-com-full-database,12-04-2024, Hxp7
"altru.org Patients DataRows 70,279 Emails 27,677",https://breachforums.st/Thread-DATABASE-altru-org-Patients-DataRows-70-279-Emails-27-677--151332,12-04-2024, Nam3L3ss
"centracare.com Patients DataRows 782,281 Emails 129,404",https://breachforums.st/Thread-DATABASE-centracare-com-Patients-DataRows-782-281-Emails-129-404,12-04-2024, Nam3L3ss
"claxtonhepburn.org Patients DataRows 7,133",https://breachforums.st/Thread-DATABASE-claxtonhepburn-org-Patients-DataRows-7-133,12-04-2024, Nam3L3ss
"commonspirit.org Patients DataRows 14,921,712 Emails 1,162,188",https://breachforums.st/Thread-DATABASE-commonspirit-org-Patients-DataRows-14-921-712-Emails-1-162-188,12-04-2024, Nam3L3ss
"franciscanhealth.org Patients DataRows 107,316 Emails 84,542",https://breachforums.st/Thread-DATABASE-franciscanhealth-org-Patients-DataRows-107-316-Emails-84-542,12-04-2024, Nam3L3ss
geonetric.com Patients DataRows 307 Emails 304,https://breachforums.st/Thread-DATABASE-geonetric-com-Patients-DataRows-307-Emails-304,12-04-2024, Nam3L3ss
"gshealth.org Patients DataRows 53,015 Emails 8,006",https://breachforums.st/Thread-DATABASE-gshealth-org-Patients-DataRows-53-015-Emails-8-006,12-04-2024, Nam3L3ss
"healthcare.ascension.org Patients DataRows 680,504 SSN 206,385",https://breachforums.st/Thread-DATABASE-healthcare-ascension-org-Patients-DataRows-680-504-SSN-206-385,12-04-2024, Nam3L3ss
"madisonmemorial.org Patients DataRows 23,938 Emails 6,930",https://breachforums.st/Thread-DATABASE-madisonmemorial-org-Patients-DataRows-23-938-Emails-6-930,12-04-2024, Nam3L3ss
"massgeneralbrighamhealthplan.org Patients DataRows 4,054,031 Emails 176,346",https://breachforums.st/Thread-DATABASE-massgeneralbrighamhealthplan-org-Patients-DataRows-4-054-031-Emails-176-346,12-04-2024, Nam3L3ss
"myhorizonhealth.org Patients DataRows 57,426 Emails 9,067 SSN 13,444",https://breachforums.st/Thread-DATABASE-myhorizonhealth-org-Patients-DataRows-57-426-Emails-9-067-SSN-13-444,12-04-2024, Nam3L3ss
"osfhealthcare.org Patients DataRows 520,185 Emails 180,721 SSN 223,112",https://breachforums.st/Thread-DATABASE-osfhealthcare-org-Patients-DataRows-520-185-Emails-180-721-SSN-223-112,12-04-2024, Nam3L3ss
"sutterhealth.org Patients DataRows 1,463,309 Emails 645,629",https://breachforums.st/Thread-DATABASE-sutterhealth-org-Patients-DataRows-1-463-309-Emails-645-629,12-04-2024, Nam3L3ss
"thedacare.org Patients DataRows 503,723 Emails 58,477 SSN 66,176",https://breachforums.st/Thread-DATABASE-thedacare-org-Patients-DataRows-503-723-Emails-58-477-SSN-66-176,12-04-2024, Nam3L3ss
"theproviderexperience.org Patients DataRows 74,993 Emails 26,462",https://breachforums.st/Thread-DATABASE-theproviderexperience-org-Patients-DataRows-74-993-Emails-26-462,12-04-2024, Nam3L3ss
"trane.com EmployeeHealthPlan DataRows 500,137 Emails 46,104 SSN 31,279",https://breachforums.st/Thread-DATABASE-trane-com-EmployeeHealthPlan-DataRows-500-137-Emails-46-104-SSN-31-279,12-04-2024, Nam3L3ss
"wvumedicine.org Patients DataRows 2,889,129 Emails 209,011 SSN 444,292",https://breachforums.st/Thread-DATABASE-wvumedicine-org-Patients-DataRows-2-889-129-Emails-209-011-SSN-444-292,12-04-2024, Nam3L3ss
OneClickMoney (Russian Money Lender) 9.8 Million,https://breachforums.st/Thread-DATABASE-OneClickMoney-Russian-Money-Lender-9-8-Million,"12-04-2024, 04:53 PM", anonmoose
